layer,head,score,baseline_logp_p0,baseline_logp_p1,baseline_logp_p2,ablated_logp_p0,delta_p0,ablated_logp_p1,delta_p1,ablated_logp_p2,delta_p2
0,0,-0.065115,-8.244192,-3.356693,-3.107275,-8.073712,-0.170480,-3.327755,-0.028938,-3.111349,0.004073
0,1,0.045882,-8.244192,-3.356693,-3.107275,-8.342551,0.098359,-3.399501,0.042808,-3.103754,-0.003522
0,2,0.017820,-8.244192,-3.356693,-3.107275,-8.254709,0.010517,-3.402482,0.045788,-3.104431,-0.002844
0,3,0.016062,-8.244192,-3.356693,-3.107275,-8.277726,0.033534,-3.358870,0.002176,-3.119752,0.012477
0,4,-0.032257,-8.244192,-3.356693,-3.107275,-8.205027,-0.039165,-3.316792,-0.039901,-3.089570,-0.017705
0,5,-0.014704,-8.244192,-3.356693,-3.107275,-8.209766,-0.034426,-3.363806,0.007113,-3.090477,-0.016799
0,6,-0.017042,-8.244192,-3.356693,-3.107275,-8.163211,-0.080981,-3.376088,0.019395,-3.117736,0.010461
0,7,0.008158,-8.244192,-3.356693,-3.107275,-8.249961,0.005769,-3.376175,0.019482,-3.106500,-0.000775
0,8,-0.017460,-8.244192,-3.356693,-3.107275,-8.162702,-0.081491,-3.379317,0.022623,-3.113762,0.006487
0,9,-0.017550,-8.244192,-3.356693,-3.107275,-8.215572,-0.028620,-3.346667,-0.010026,-3.093271,-0.014005
0,10,-0.003008,-8.244192,-3.356693,-3.107275,-8.233395,-0.010798,-3.359330,0.002637,-3.106413,-0.000862
0,11,0.009876,-8.244192,-3.356693,-3.107275,-8.248092,0.003900,-3.377207,0.020513,-3.112491,0.005216
0,12,-0.011870,-8.244192,-3.356693,-3.107275,-8.222562,-0.021630,-3.351375,-0.005318,-3.098614,-0.008661
0,13,-0.021267,-8.244192,-3.356693,-3.107275,-8.221832,-0.022360,-3.333570,-0.023123,-3.088958,-0.018318
0,14,-0.001717,-8.244192,-3.356693,-3.107275,-8.236417,-0.007775,-3.359025,0.002331,-3.107567,0.000291
0,15,0.007596,-8.244192,-3.356693,-3.107275,-8.238951,-0.005241,-3.388505,0.031812,-3.103493,-0.003782
0,16,-0.042610,-8.244192,-3.356693,-3.107275,-8.064666,-0.179526,-3.413779,0.057086,-3.101886,-0.005390
0,17,-0.046580,-8.244192,-3.356693,-3.107275,-8.157420,-0.086772,-3.315287,-0.041406,-3.095713,-0.011563
0,18,-0.027527,-8.244192,-3.356693,-3.107275,-8.191380,-0.052813,-3.339784,-0.016910,-3.094416,-0.012859
0,19,-0.027654,-8.244192,-3.356693,-3.107275,-8.201717,-0.042475,-3.319043,-0.037650,-3.104437,-0.002838
1,0,0.015256,-8.244192,-3.356693,-3.107275,-8.270964,0.026772,-3.382388,0.025695,-3.100576,-0.006700
1,1,-0.013160,-8.244192,-3.356693,-3.107275,-8.199788,-0.044404,-3.365295,0.008602,-3.103597,-0.003679
1,2,0.023331,-8.244192,-3.356693,-3.107275,-8.254969,0.010777,-3.397708,0.041014,-3.125477,0.018201
1,3,0.006906,-8.244192,-3.356693,-3.107275,-8.235126,-0.009067,-3.385382,0.028689,-3.108373,0.001097
1,4,0.030896,-8.244192,-3.356693,-3.107275,-8.288627,0.044435,-3.389083,0.032390,-3.123139,0.015864
1,5,0.024480,-8.244192,-3.356693,-3.107275,-8.263237,0.019045,-3.397770,0.041077,-3.120595,0.013319
1,6,0.017268,-8.244192,-3.356693,-3.107275,-8.261664,0.017472,-3.377653,0.020960,-3.120648,0.013372
1,7,0.007229,-8.244192,-3.356693,-3.107275,-8.235965,-0.008227,-3.377266,0.020572,-3.116617,0.009342
1,8,0.006454,-8.244192,-3.356693,-3.107275,-8.230777,-0.013415,-3.377090,0.020396,-3.119656,0.012380
1,9,-0.018415,-8.244192,-3.356693,-3.107275,-8.199553,-0.044640,-3.345579,-0.011115,-3.107784,0.000509
1,10,0.020214,-8.244192,-3.356693,-3.107275,-8.250251,0.006059,-3.398122,0.041429,-3.120429,0.013153
1,11,0.007481,-8.244192,-3.356693,-3.107275,-8.221772,-0.022420,-3.376568,0.019875,-3.132264,0.024989
1,12,0.020442,-8.244192,-3.356693,-3.107275,-8.230783,-0.013409,-3.417600,0.060906,-3.121104,0.013828
1,13,0.022453,-8.244192,-3.356693,-3.107275,-8.259251,0.015059,-3.383464,0.026771,-3.132803,0.025528
1,14,0.055306,-8.244192,-3.356693,-3.107275,-8.361883,0.117691,-3.387705,0.031012,-3.124492,0.017216
1,15,0.076989,-8.244192,-3.356693,-3.107275,-8.345721,0.101529,-3.470410,0.113716,-3.122997,0.015721
1,16,-0.007543,-8.244192,-3.356693,-3.107275,-8.265066,0.020874,-3.348753,-0.007941,-3.071714,-0.035561
1,17,0.001239,-8.244192,-3.356693,-3.107275,-8.224705,-0.019487,-3.375863,0.019170,-3.111310,0.004035
1,18,0.016584,-8.244192,-3.356693,-3.107275,-8.238110,-0.006083,-3.397275,0.040581,-3.122529,0.015253
1,19,0.017796,-8.244192,-3.356693,-3.107275,-8.266140,0.021948,-3.376972,0.020278,-3.118436,0.011161
2,0,-0.178119,-8.244192,-3.356693,-3.107275,-7.791310,-0.452882,-3.336274,-0.020420,-3.046219,-0.061056
2,1,-0.007582,-8.244192,-3.356693,-3.107275,-8.201740,-0.042452,-3.360312,0.003619,-3.123363,0.016087
2,2,-0.044939,-8.244192,-3.356693,-3.107275,-8.115467,-0.128725,-3.333229,-0.023464,-3.124649,0.017373
2,3,-0.053310,-8.244192,-3.356693,-3.107275,-8.096306,-0.147886,-3.350527,-0.006167,-3.101397,-0.005878
2,4,-0.001074,-8.244192,-3.356693,-3.107275,-8.245013,0.000821,-3.341462,-0.015231,-3.118462,0.011187
2,5,-0.058004,-8.244192,-3.356693,-3.107275,-8.097036,-0.147156,-3.331556,-0.025137,-3.105557,-0.001718
2,6,-0.002284,-8.244192,-3.356693,-3.107275,-8.218212,-0.025980,-3.351599,-0.005095,-3.131498,0.024223
2,7,0.067078,-8.244192,-3.356693,-3.107275,-8.298205,0.054013,-3.455047,0.098353,-3.156144,0.048868
2,8,-0.180471,-8.244192,-3.356693,-3.107275,-7.838969,-0.405223,-3.285261,-0.071432,-3.042516,-0.064759
2,9,0.029549,-8.244192,-3.356693,-3.107275,-8.268850,0.024658,-3.389642,0.032949,-3.138316,0.031040
2,10,-0.315745,-8.244192,-3.356693,-3.107275,-7.393848,-0.850344,-3.363180,0.006487,-3.003899,-0.103377
2,11,-0.072822,-8.244192,-3.356693,-3.107275,-8.049903,-0.194289,-3.330206,-0.026487,-3.109584,0.002309
2,12,-0.082177,-8.244192,-3.356693,-3.107275,-8.046184,-0.198009,-3.347125,-0.009568,-3.068320,-0.038956
2,13,-0.042922,-8.244192,-3.356693,-3.107275,-8.148729,-0.095463,-3.323376,-0.033318,-3.107291,0.000016
2,14,0.020006,-8.244192,-3.356693,-3.107275,-8.274989,0.030797,-3.371549,0.014855,-3.121641,0.014365
2,15,-0.070786,-8.244192,-3.356693,-3.107275,-8.103515,-0.140677,-3.302245,-0.054449,-3.090043,-0.017232
2,16,-0.035240,-8.244192,-3.356693,-3.107275,-8.189032,-0.055161,-3.321268,-0.035425,-3.092141,-0.015134
2,17,-0.005813,-8.244192,-3.356693,-3.107275,-8.198162,-0.046030,-3.390861,0.034167,-3.101699,-0.005577
2,18,0.523497,-8.244192,-3.356693,-3.107275,-8.684046,0.439854,-4.264373,0.907680,-3.330233,0.222958
2,19,-0.023738,-8.244192,-3.356693,-3.107275,-8.172581,-0.071611,-3.353006,-0.003688,-3.111362,0.004086
3,0,-0.104731,-8.244192,-3.356693,-3.107275,-7.912665,-0.331527,-3.329140,-0.027553,-3.152164,0.044888
3,1,-0.027397,-8.244192,-3.356693,-3.107275,-8.182436,-0.061756,-3.353827,-0.002866,-3.089706,-0.017569
3,2,-0.004627,-8.244192,-3.356693,-3.107275,-8.241877,-0.002316,-3.346725,-0.009969,-3.105679,-0.001596
3,3,-0.032188,-8.244192,-3.356693,-3.107275,-8.180948,-0.063244,-3.328810,-0.027883,-3.101837,-0.005438
3,4,-0.128151,-8.244192,-3.356693,-3.107275,-7.983895,-0.260297,-3.301445,-0.055248,-3.038366,-0.068910
3,5,-0.003487,-8.244192,-3.356693,-3.107275,-8.238046,-0.006146,-3.354936,-0.001757,-3.104720,-0.002556
3,6,-0.037742,-8.244192,-3.356693,-3.107275,-8.151415,-0.092777,-3.338616,-0.018077,-3.104904,-0.002372
3,7,0.004136,-8.244192,-3.356693,-3.107275,-8.253424,0.009232,-3.358469,0.001775,-3.108675,0.001400
3,8,-0.004724,-8.244192,-3.356693,-3.107275,-8.239610,-0.004582,-3.351181,-0.005512,-3.103198,-0.004077
3,9,0.017993,-8.244192,-3.356693,-3.107275,-8.260140,0.015948,-3.383534,0.026841,-3.118464,0.011189
3,10,-0.082676,-8.244192,-3.356693,-3.107275,-8.047530,-0.196662,-3.317534,-0.039160,-3.095068,-0.012208
3,11,-0.013386,-8.244192,-3.356693,-3.107275,-8.207784,-0.036408,-3.356291,-0.000402,-3.103928,-0.003348
3,12,-0.013504,-8.244192,-3.356693,-3.107275,-8.206654,-0.037539,-3.355073,-0.001621,-3.105922,-0.001353
3,13,-0.006301,-8.244192,-3.356693,-3.107275,-8.183640,-0.060553,-3.378282,0.021589,-3.127336,0.020061
3,14,0.024939,-8.244192,-3.356693,-3.107275,-8.278392,0.034200,-3.380412,0.023719,-3.124174,0.016899
3,15,-0.183887,-8.244192,-3.356693,-3.107275,-7.767828,-0.476364,-3.290820,-0.065874,-3.097851,-0.009424
3,16,-0.025376,-8.244192,-3.356693,-3.107275,-8.208137,-0.036056,-3.333944,-0.022750,-3.089951,-0.017324
3,17,0.009346,-8.244192,-3.356693,-3.107275,-8.271537,0.027345,-3.368488,0.011795,-3.096174,-0.011102
3,18,-0.019375,-8.244192,-3.356693,-3.107275,-8.185485,-0.058707,-3.335879,-0.020814,-3.128673,0.021398
3,19,-0.009205,-8.244192,-3.356693,-3.107275,-8.222176,-0.022017,-3.354620,-0.002074,-3.103750,-0.003526
4,0,0.006983,-8.244192,-3.356693,-3.107275,-8.257444,0.013252,-3.364834,0.008141,-3.106831,-0.000445
4,1,-0.002077,-8.244192,-3.356693,-3.107275,-8.237547,-0.006645,-3.355267,-0.001427,-3.109115,0.001840
4,2,0.013708,-8.244192,-3.356693,-3.107275,-8.290588,0.046396,-3.350231,-0.006462,-3.108466,0.001191
4,3,0.037820,-8.244192,-3.356693,-3.107275,-8.322670,0.078478,-3.377387,0.020694,-3.121563,0.014288
4,4,0.023437,-8.244192,-3.356693,-3.107275,-8.309008,0.064816,-3.360481,0.003788,-3.108982,0.001707
4,5,0.003397,-8.244192,-3.356693,-3.107275,-8.249266,0.005074,-3.353906,-0.002787,-3.115179,0.007904
4,6,-0.006702,-8.244192,-3.356693,-3.107275,-8.196548,-0.047644,-3.379789,0.023096,-3.111718,0.004443
4,7,0.024263,-8.244192,-3.356693,-3.107275,-8.308277,0.064085,-3.364626,0.007933,-3.108047,0.000772
4,8,0.069968,-8.244192,-3.356693,-3.107275,-8.355021,0.110828,-3.446000,0.089307,-3.117043,0.009768
4,9,-0.029947,-8.244192,-3.356693,-3.107275,-8.155540,-0.088653,-3.353427,-0.003266,-3.109354,0.002079
4,10,0.030654,-8.244192,-3.356693,-3.107275,-8.309978,0.065785,-3.375874,0.019180,-3.114271,0.006995
4,11,0.006323,-8.244192,-3.356693,-3.107275,-8.259533,0.015341,-3.361603,0.004910,-3.105995,-0.001280
4,12,0.000811,-8.244192,-3.356693,-3.107275,-8.250720,0.006528,-3.345864,-0.010829,-3.114010,0.006735
4,13,0.041050,-8.244192,-3.356693,-3.107275,-8.277723,0.033531,-3.467186,0.110493,-3.086401,-0.020875
4,14,0.000295,-8.244192,-3.356693,-3.107275,-8.234375,-0.009817,-3.340118,-0.016575,-3.134552,0.027276
4,15,0.002858,-8.244192,-3.356693,-3.107275,-8.252709,0.008517,-3.356888,0.000195,-3.107139,-0.000137
4,16,-0.011859,-8.244192,-3.356693,-3.107275,-8.183289,-0.060904,-3.375781,0.019088,-3.113514,0.006239
4,17,0.008615,-8.244192,-3.356693,-3.107275,-8.277043,0.032851,-3.348130,-0.008564,-3.108833,0.001557
4,18,0.010788,-8.244192,-3.356693,-3.107275,-8.267927,0.023735,-3.364042,0.007349,-3.108557,0.001281
4,19,0.077279,-8.244192,-3.356693,-3.107275,-8.442988,0.198796,-3.371757,0.015064,-3.125254,0.017978
5,0,0.053458,-8.244192,-3.356693,-3.107275,-8.320858,0.076666,-3.418690,0.061996,-3.128988,0.021712
5,1,-0.002496,-8.244192,-3.356693,-3.107275,-8.253198,0.009006,-3.370219,0.013526,-3.077256,-0.030020
5,2,-0.019012,-8.244192,-3.356693,-3.107275,-8.197491,-0.046701,-3.339521,-0.017173,-3.114114,0.006838
5,3,-0.011672,-8.244192,-3.356693,-3.107275,-8.224538,-0.019654,-3.336003,-0.020690,-3.112606,0.005330
5,4,0.044753,-8.244192,-3.356693,-3.107275,-8.405790,0.161598,-3.331509,-0.025184,-3.105122,-0.002154
5,5,0.036569,-8.244192,-3.356693,-3.107275,-8.360338,0.116146,-3.359764,0.003070,-3.097766,-0.009510
5,6,0.004628,-8.244192,-3.356693,-3.107275,-8.269064,0.024872,-3.347548,-0.009145,-3.105432,-0.001843
5,7,-0.004548,-8.244192,-3.356693,-3.107275,-8.233308,-0.010884,-3.353886,-0.002807,-3.107323,0.000048
5,8,0.010976,-8.244192,-3.356693,-3.107275,-8.286754,0.042562,-3.345565,-0.011128,-3.108772,0.001496
5,9,0.105797,-8.244192,-3.356693,-3.107275,-8.355038,0.110846,-3.555948,0.199255,-3.114565,0.007290
5,10,0.053529,-8.244192,-3.356693,-3.107275,-8.315040,0.070848,-3.433609,0.076916,-3.120099,0.012824
5,11,0.040418,-8.244192,-3.356693,-3.107275,-8.317484,0.073292,-3.419585,0.062891,-3.092347,-0.014929
5,12,0.084827,-8.244192,-3.356693,-3.107275,-8.479401,0.235209,-3.368470,0.011776,-3.114771,0.007495
5,13,0.030101,-8.244192,-3.356693,-3.107275,-8.332630,0.088438,-3.389858,0.033165,-3.075975,-0.031300
5,14,0.034016,-8.244192,-3.356693,-3.107275,-8.341196,0.097004,-3.335082,-0.021611,-3.133930,0.026655
5,15,0.029634,-8.244192,-3.356693,-3.107275,-8.346360,0.102168,-3.347158,-0.009536,-3.103544,-0.003732
5,16,0.050245,-8.244192,-3.356693,-3.107275,-8.374155,0.129963,-3.380296,0.023603,-3.104445,-0.002830
5,17,0.068970,-8.244192,-3.356693,-3.107275,-8.530484,0.286292,-3.308086,-0.048607,-3.076499,-0.030776
5,18,0.036052,-8.244192,-3.356693,-3.107275,-8.377066,0.132874,-3.345126,-0.011567,-3.094126,-0.013150
5,19,0.021327,-8.244192,-3.356693,-3.107275,-8.258128,0.013936,-3.407228,0.050535,-3.106786,-0.000490
6,0,0.024228,-8.244192,-3.356693,-3.107275,-8.361088,0.116896,-3.299804,-0.056889,-3.119952,0.012677
6,1,-0.022255,-8.244192,-3.356693,-3.107275,-8.230938,-0.013254,-3.335645,-0.021049,-3.074812,-0.032463
6,2,-0.012613,-8.244192,-3.356693,-3.107275,-8.220236,-0.023956,-3.365578,0.008884,-3.084509,-0.022767
6,3,0.036459,-8.244192,-3.356693,-3.107275,-8.376478,0.132286,-3.322792,-0.033902,-3.118268,0.010993
6,4,-0.003030,-8.244192,-3.356693,-3.107275,-8.282943,0.038751,-3.336934,-0.019759,-3.079195,-0.028080
6,5,0.049510,-8.244192,-3.356693,-3.107275,-8.360928,0.116735,-3.357040,0.000347,-3.138723,0.031447
6,6,-0.014702,-8.244192,-3.356693,-3.107275,-8.184309,-0.059883,-3.370690,0.013996,-3.109055,0.001780
6,7,0.012718,-8.244192,-3.356693,-3.107275,-8.297836,0.053644,-3.343912,-0.012781,-3.104566,-0.002709
6,8,0.003357,-8.244192,-3.356693,-3.107275,-8.277530,0.033338,-3.383246,0.026553,-3.057456,-0.049820
6,9,-0.073865,-8.244192,-3.356693,-3.107275,-7.986245,-0.257947,-3.356547,-0.000146,-3.143775,0.036500
6,10,0.180186,-8.244192,-3.356693,-3.107275,-8.539914,0.295722,-3.493220,0.136527,-3.215584,0.108309
6,11,-0.002013,-8.244192,-3.356693,-3.107275,-8.196828,-0.047364,-3.382402,0.025708,-3.122892,0.015616
6,12,0.024649,-8.244192,-3.356693,-3.107275,-8.360452,0.116260,-3.314066,-0.042627,-3.107590,0.000314
6,13,-0.009159,-8.244192,-3.356693,-3.107275,-8.379919,0.135727,-3.218957,-0.137736,-3.081807,-0.025468
6,14,0.031475,-8.244192,-3.356693,-3.107275,-8.333230,0.089038,-3.360573,0.003880,-3.108783,0.001508
6,15,0.034669,-8.244192,-3.356693,-3.107275,-8.328728,0.084536,-3.366854,0.010161,-3.116584,0.009309
6,16,0.021606,-8.244192,-3.356693,-3.107275,-8.169981,-0.074211,-3.472667,0.115973,-3.130330,0.023055
6,17,0.014788,-8.244192,-3.356693,-3.107275,-8.344012,0.099820,-3.311685,-0.045008,-3.096827,-0.010448
6,18,-0.063080,-8.244192,-3.356693,-3.107275,-8.084946,-0.159246,-3.312749,-0.043944,-3.121227,0.013952
6,19,-0.008890,-8.244192,-3.356693,-3.107275,-8.237529,-0.006663,-3.338444,-0.018250,-3.105520,-0.001755
7,0,0.026965,-8.244192,-3.356693,-3.107275,-8.238139,-0.006053,-3.407380,0.050687,-3.143537,0.036262
7,1,0.506179,-8.244192,-3.356693,-3.107275,-8.353777,0.109585,-4.625615,1.268921,-3.247306,0.140030
7,2,0.003021,-8.244192,-3.356693,-3.107275,-8.260365,0.016173,-3.330847,-0.025846,-3.126011,0.018736
7,3,0.069203,-8.244192,-3.356693,-3.107275,-8.274350,0.030158,-3.536104,0.179411,-3.105316,-0.001959
7,4,0.059137,-8.244192,-3.356693,-3.107275,-8.427319,0.183126,-3.247498,-0.109195,-3.210755,0.103480
7,5,-0.206822,-8.244192,-3.356693,-3.107275,-7.648776,-0.595416,-3.341120,-0.015574,-3.097800,-0.009475
7,6,0.053328,-8.244192,-3.356693,-3.107275,-8.412795,0.168603,-3.349826,-0.006867,-3.105523,-0.001753
7,7,0.160030,-8.244192,-3.356693,-3.107275,-8.575674,0.331482,-3.446142,0.089448,-3.166435,0.059159
7,8,0.034059,-8.244192,-3.356693,-3.107275,-8.283010,0.038818,-3.398536,0.041842,-3.128792,0.021517
7,9,0.108456,-8.244192,-3.356693,-3.107275,-8.616781,0.372589,-3.360893,0.004199,-3.055855,-0.051420
7,10,-0.008533,-8.244192,-3.356693,-3.107275,-8.205193,-0.039000,-3.391553,0.034859,-3.085815,-0.021460
7,11,0.024231,-8.244192,-3.356693,-3.107275,-8.248650,0.004457,-3.408149,0.051455,-3.124055,0.016779
7,12,0.092246,-8.244192,-3.356693,-3.107275,-8.298325,0.054132,-3.557428,0.200734,-3.129147,0.021871
7,13,0.028447,-8.244192,-3.356693,-3.107275,-8.196455,-0.047737,-3.481498,0.124805,-3.115548,0.008273
7,14,0.565672,-8.244192,-3.356693,-3.107275,-8.848238,0.604046,-4.097642,0.740949,-3.459296,0.352021
7,15,0.025246,-8.244192,-3.356693,-3.107275,-8.304924,0.060732,-3.378099,0.021406,-3.100876,-0.006399
7,16,0.065059,-8.244192,-3.356693,-3.107275,-8.391061,0.146869,-3.401414,0.044721,-3.110862,0.003587
7,17,0.011377,-8.244192,-3.356693,-3.107275,-8.244759,0.000566,-3.365561,0.008868,-3.131973,0.024697
7,18,-0.052266,-8.244192,-3.356693,-3.107275,-8.117004,-0.127188,-3.346541,-0.010152,-3.087817,-0.019459
7,19,-0.056299,-8.244192,-3.356693,-3.107275,-7.996618,-0.247574,-3.412754,0.056061,-3.129891,0.022615
8,0,0.267222,-8.244192,-3.356693,-3.107275,-8.677623,0.433431,-3.766476,0.409783,-3.065729,-0.041546
8,1,0.029017,-8.244192,-3.356693,-3.107275,-8.315611,0.071419,-3.378374,0.021681,-3.101227,-0.006048
8,2,0.081459,-8.244192,-3.356693,-3.107275,-8.349130,0.104938,-3.433349,0.076655,-3.170059,0.062783
8,3,0.052922,-8.244192,-3.356693,-3.107275,-8.382004,0.137812,-3.335202,-0.021491,-3.149720,0.042445
8,4,-0.001559,-8.244192,-3.356693,-3.107275,-8.227879,-0.016314,-3.357420,0.000726,-3.118187,0.010911
8,5,-0.217764,-8.244192,-3.356693,-3.107275,-7.564894,-0.679298,-3.528847,0.172154,-2.961128,-0.146148
8,6,-0.030250,-8.244192,-3.356693,-3.107275,-8.222062,-0.022130,-3.320627,-0.036066,-3.074721,-0.032555
8,7,0.201374,-8.244192,-3.356693,-3.107275,-8.746143,0.501951,-3.413539,0.056846,-3.152602,0.045326
8,8,0.277539,-8.244192,-3.356693,-3.107275,-8.508126,0.263934,-3.854919,0.498226,-3.177732,0.070456
8,9,0.007267,-8.244192,-3.356693,-3.107275,-8.300449,0.056257,-3.343673,-0.013020,-3.085841,-0.021435
8,10,-0.089018,-8.244192,-3.356693,-3.107275,-8.041460,-0.202732,-3.342659,-0.014034,-3.056988,-0.050287
8,11,0.014597,-8.244192,-3.356693,-3.107275,-8.324197,0.080005,-3.378723,0.022029,-3.049031,-0.058244
8,12,-0.040247,-8.244192,-3.356693,-3.107275,-8.122643,-0.121550,-3.333375,-0.023319,-3.131404,0.024128
8,13,0.040677,-8.244192,-3.356693,-3.107275,-8.234559,-0.009633,-3.426638,0.069944,-3.168996,0.061720
8,14,-0.025381,-8.244192,-3.356693,-3.107275,-8.184099,-0.060093,-3.338066,-0.018627,-3.109854,0.002578
8,15,-0.019117,-8.244192,-3.356693,-3.107275,-8.193687,-0.050505,-3.323113,-0.033580,-3.134009,0.026734
8,16,0.250835,-8.244192,-3.356693,-3.107275,-8.406847,0.162655,-3.910444,0.553751,-3.143374,0.036099
8,17,0.012891,-8.244192,-3.356693,-3.107275,-8.461287,0.217095,-3.340891,-0.015802,-2.944656,-0.162619
8,18,-0.002962,-8.244192,-3.356693,-3.107275,-8.143700,-0.100492,-3.421810,0.065116,-3.133765,0.026489
8,19,0.000585,-8.244192,-3.356693,-3.107275,-8.248094,0.003901,-3.301522,-0.055172,-3.160302,0.053026
9,0,0.027344,-8.244192,-3.356693,-3.107275,-8.251172,0.006980,-3.437994,0.081301,-3.101025,-0.006250
9,1,0.014364,-8.244192,-3.356693,-3.107275,-8.256981,0.012789,-3.368872,0.012179,-3.125398,0.018123
9,2,0.054793,-8.244192,-3.356693,-3.107275,-8.352135,0.107943,-3.380861,0.024167,-3.139544,0.032269
9,3,0.028687,-8.244192,-3.356693,-3.107275,-8.282652,0.038460,-3.394290,0.037597,-3.117279,0.010004
9,4,0.092508,-8.244192,-3.356693,-3.107275,-8.270350,0.026157,-3.598157,0.241464,-3.117178,0.009903
9,5,-0.003706,-8.244192,-3.356693,-3.107275,-8.235970,-0.008223,-3.347248,-0.009446,-3.113824,0.006549
9,6,0.059063,-8.244192,-3.356693,-3.107275,-8.337141,0.092949,-3.416711,0.060017,-3.131499,0.024223
9,7,0.030743,-8.244192,-3.356693,-3.107275,-8.300688,0.056496,-3.393441,0.036748,-3.106260,-0.001015
9,8,0.056451,-8.244192,-3.356693,-3.107275,-8.264904,0.020712,-3.458708,0.102015,-3.153900,0.046625
9,9,-0.004569,-8.244192,-3.356693,-3.107275,-8.233315,-0.010877,-3.357941,0.001247,-3.103196,-0.004079
9,10,0.000025,-8.244192,-3.356693,-3.107275,-8.229557,-0.014635,-3.365416,0.008723,-3.113263,0.005987
9,11,0.011578,-8.244192,-3.356693,-3.107275,-8.237906,-0.006287,-3.335625,-0.021068,-3.169364,0.062088
9,12,0.001587,-8.244192,-3.356693,-3.107275,-8.237484,-0.006708,-3.353275,-0.003418,-3.122163,0.014887
9,13,0.002629,-8.244192,-3.356693,-3.107275,-8.256962,0.012770,-3.344693,-0.012000,-3.114392,0.007117
9,14,0.009429,-8.244192,-3.356693,-3.107275,-8.256667,0.012475,-3.374027,0.017333,-3.105753,-0.001522
9,15,0.019473,-8.244192,-3.356693,-3.107275,-8.294662,0.050470,-3.364913,0.008220,-3.107004,-0.000271
9,16,0.038892,-8.244192,-3.356693,-3.107275,-8.340891,0.096699,-3.386612,0.029919,-3.097334,-0.009941
9,17,0.005953,-8.244192,-3.356693,-3.107275,-8.254971,0.010778,-3.362665,0.005971,-3.108385,0.001109
9,18,0.086455,-8.244192,-3.356693,-3.107275,-8.424726,0.180534,-3.432592,0.075899,-3.110209,0.002933
9,19,0.004815,-8.244192,-3.356693,-3.107275,-8.243890,-0.000302,-3.376571,0.019877,-3.102146,-0.005130
10,0,0.018765,-8.244192,-3.356693,-3.107275,-8.307218,0.063025,-3.352573,-0.004120,-3.104664,-0.002612
10,1,0.037519,-8.244192,-3.356693,-3.107275,-8.307285,0.063093,-3.398677,0.041984,-3.114755,0.007480
10,2,0.078263,-8.244192,-3.356693,-3.107275,-8.457822,0.213630,-3.380181,0.023488,-3.104947,-0.002329
10,3,0.017588,-8.244192,-3.356693,-3.107275,-8.297952,0.053760,-3.352482,-0.004211,-3.110491,0.003216
10,4,-0.014705,-8.244192,-3.356693,-3.107275,-8.223426,-0.020766,-3.341722,-0.014971,-3.098897,-0.008379
10,5,-0.005404,-8.244192,-3.356693,-3.107275,-8.235328,-0.008864,-3.351340,-0.005353,-3.105283,-0.001993
10,6,0.012475,-8.244192,-3.356693,-3.107275,-8.271221,0.027029,-3.368545,0.011852,-3.105820,-0.001455
10,7,-0.007857,-8.244192,-3.356693,-3.107275,-8.210628,-0.033565,-3.369580,0.012887,-3.104381,-0.002895
10,8,0.011179,-8.244192,-3.356693,-3.107275,-8.234064,-0.010128,-3.397499,0.040806,-3.110134,0.002858
10,9,0.065483,-8.244192,-3.356693,-3.107275,-8.289495,0.045303,-3.490780,0.134087,-3.124336,0.017060
10,10,-0.021294,-8.244192,-3.356693,-3.107275,-8.230380,-0.013812,-3.295779,-0.060914,-3.118118,0.010843
10,11,0.045127,-8.244192,-3.356693,-3.107275,-8.359787,0.115595,-3.346232,-0.010462,-3.137522,0.030247
10,12,0.002789,-8.244192,-3.356693,-3.107275,-8.277483,0.033291,-3.320421,-0.036272,-3.118624,0.011348
10,13,-0.002897,-8.244192,-3.356693,-3.107275,-8.213966,-0.030226,-3.348973,-0.007720,-3.136532,0.029256
10,14,0.003450,-8.244192,-3.356693,-3.107275,-8.246638,0.002446,-3.358920,0.002227,-3.112953,0.005677
10,15,0.011445,-8.244192,-3.356693,-3.107275,-8.273770,0.029578,-3.358897,0.002203,-3.109829,0.002554
10,16,0.016216,-8.244192,-3.356693,-3.107275,-8.305890,0.061698,-3.342039,-0.014654,-3.108879,0.001604
10,17,-0.025594,-8.244192,-3.356693,-3.107275,-8.198247,-0.045945,-3.327690,-0.029003,-3.105443,-0.001833
10,18,-0.006159,-8.244192,-3.356693,-3.107275,-8.224900,-0.019292,-3.355954,-0.000739,-3.108830,0.001555
10,19,0.022322,-8.244192,-3.356693,-3.107275,-8.309579,0.065387,-3.366645,0.009952,-3.098903,-0.008372
11,0,0.037936,-8.244192,-3.356693,-3.107275,-8.345497,0.101305,-3.352782,-0.003911,-3.123691,0.016415
11,1,0.140741,-8.244192,-3.356693,-3.107275,-8.337409,0.093217,-3.472334,0.115641,-3.320639,0.213364
11,2,-0.023376,-8.244192,-3.356693,-3.107275,-8.208334,-0.035858,-3.364873,0.008180,-3.064827,-0.042449
11,3,0.050576,-8.244192,-3.356693,-3.107275,-8.198319,-0.045873,-3.481473,0.124780,-3.180095,0.072819
11,4,-0.003806,-8.244192,-3.356693,-3.107275,-8.256346,0.012154,-3.343021,-0.013672,-3.097375,-0.009901
11,5,0.184133,-8.244192,-3.356693,-3.107275,-8.378206,0.134014,-3.718417,0.361724,-3.163935,0.056659
11,6,-0.013315,-8.244192,-3.356693,-3.107275,-8.217417,-0.026775,-3.324893,-0.031800,-3.125907,0.018632
11,7,0.090018,-8.244192,-3.356693,-3.107275,-8.321335,0.077143,-3.482897,0.126204,-3.173984,0.066709
11,8,-0.014499,-8.244192,-3.356693,-3.107275,-8.223889,-0.020303,-3.332627,-0.024067,-3.108149,0.000874
11,9,-0.008614,-8.244192,-3.356693,-3.107275,-8.250427,0.006235,-3.339260,-0.017433,-3.092633,-0.014642
11,10,-0.056748,-8.244192,-3.356693,-3.107275,-8.182644,-0.061548,-3.300545,-0.056149,-3.054729,-0.052547
11,11,-0.098122,-8.244192,-3.356693,-3.107275,-8.080007,-0.164186,-3.339061,-0.017632,-2.994726,-0.112549
11,12,0.009892,-8.244192,-3.356693,-3.107275,-8.239411,-0.004781,-3.367567,0.010873,-3.130859,0.023584
11,13,-0.038813,-8.244192,-3.356693,-3.107275,-8.218055,-0.026137,-3.301332,-0.055362,-3.072337,-0.034939
11,14,-0.013839,-8.244192,-3.356693,-3.107275,-8.220297,-0.023895,-3.337393,-0.019300,-3.108954,0.001679
11,15,-0.027418,-8.244192,-3.356693,-3.107275,-8.177293,-0.066899,-3.342992,-0.013701,-3.105623,-0.001653
11,16,-0.004123,-8.244192,-3.356693,-3.107275,-8.203857,-0.040335,-3.394809,0.038116,-3.097125,-0.010151
11,17,-0.312302,-8.244192,-3.356693,-3.107275,-7.346683,-0.897510,-3.339470,-0.017224,-3.085103,-0.022173
11,18,0.012586,-8.244192,-3.356693,-3.107275,-8.259505,0.015313,-3.360131,0.003438,-3.126284,0.019008
11,19,0.096367,-8.244192,-3.356693,-3.107275,-8.301336,0.057144,-3.623249,0.266555,-3.072677,-0.034598
12,0,0.014167,-8.244192,-3.356693,-3.107275,-8.274323,0.030131,-3.363454,0.006761,-3.112884,0.005608
12,1,-0.001375,-8.244192,-3.356693,-3.107275,-8.245922,0.001730,-3.358593,0.001900,-3.099520,-0.007755
12,2,0.000802,-8.244192,-3.356693,-3.107275,-8.258184,0.013992,-3.341774,-0.014919,-3.110608,0.003333
12,3,0.000495,-8.244192,-3.356693,-3.107275,-8.245843,0.001651,-3.349453,-0.007240,-3.114349,0.007073
12,4,0.071927,-8.244192,-3.356693,-3.107275,-8.425121,0.180929,-3.390411,0.033717,-3.108409,0.001133
12,5,-0.002803,-8.244192,-3.356693,-3.107275,-8.239988,-0.004204,-3.347710,-0.008983,-3.112052,0.004777
12,6,-0.013083,-8.244192,-3.356693,-3.107275,-8.244913,0.000721,-3.315367,-0.041326,-3.108632,0.001357
12,7,0.024197,-8.244192,-3.356693,-3.107275,-8.315150,0.070958,-3.339687,-0.017006,-3.125914,0.018639
12,8,-0.010501,-8.244192,-3.356693,-3.107275,-8.215574,-0.028618,-3.359291,0.002598,-3.101793,-0.005482
12,9,0.017100,-8.244192,-3.356693,-3.107275,-8.264385,0.020193,-3.373070,0.016377,-3.122007,0.014731
12,10,0.019993,-8.244192,-3.356693,-3.107275,-8.298826,0.054634,-3.362212,0.005519,-3.107101,-0.000175
12,11,-0.012541,-8.244192,-3.356693,-3.107275,-8.227679,-0.016513,-3.325634,-0.031059,-3.117225,0.009949
12,12,-0.019117,-8.244192,-3.356693,-3.107275,-8.202805,-0.041388,-3.343705,-0.012988,-3.104300,-0.002975
12,13,0.020198,-8.244192,-3.356693,-3.107275,-8.264268,0.020076,-3.360141,0.003448,-3.144346,0.037070
12,14,-0.016196,-8.244192,-3.356693,-3.107275,-8.190508,-0.053684,-3.360673,0.003980,-3.108393,0.001117
12,15,-0.012831,-8.244192,-3.356693,-3.107275,-8.239273,-0.004919,-3.323289,-0.033404,-3.107106,-0.000169
12,16,-0.019900,-8.244192,-3.356693,-3.107275,-8.208607,-0.035585,-3.330748,-0.025946,-3.109106,0.001831
12,17,-0.009001,-8.244192,-3.356693,-3.107275,-8.212669,-0.031523,-3.354544,-0.002149,-3.113945,0.006670
12,18,-0.010249,-8.244192,-3.356693,-3.107275,-8.245142,0.000950,-3.305437,-0.051256,-3.126836,0.019561
12,19,-0.007997,-8.244192,-3.356693,-3.107275,-8.248399,0.004207,-3.333780,-0.022913,-3.101991,-0.005284
13,0,0.095424,-8.244192,-3.356693,-3.107275,-8.226830,-0.017363,-3.655131,0.298438,-3.112472,0.005196
13,1,-0.010034,-8.244192,-3.356693,-3.107275,-8.249121,0.004929,-3.323143,-0.033550,-3.105796,-0.001479
13,2,-0.004581,-8.244192,-3.356693,-3.107275,-8.236817,-0.007375,-3.349938,-0.006755,-3.107662,0.000386
13,3,-0.002873,-8.244192,-3.356693,-3.107275,-8.226652,-0.017540,-3.354002,-0.002691,-3.118888,0.011612
13,4,-0.002042,-8.244192,-3.356693,-3.107275,-8.265226,0.021034,-3.336010,-0.020683,-3.100800,-0.006476
13,5,-0.013522,-8.244192,-3.356693,-3.107275,-8.233837,-0.010355,-3.328617,-0.028076,-3.105141,-0.002134
13,6,0.006242,-8.244192,-3.356693,-3.107275,-8.262417,0.018225,-3.353551,-0.003142,-3.110920,0.003644
13,7,0.006231,-8.244192,-3.356693,-3.107275,-8.253981,0.009789,-3.370070,0.013376,-3.102802,-0.004473
13,8,-0.009908,-8.244192,-3.356693,-3.107275,-8.235868,-0.008324,-3.339849,-0.016844,-3.102719,-0.004556
13,9,-0.017615,-8.244192,-3.356693,-3.107275,-8.235691,-0.008501,-3.315869,-0.040824,-3.103756,-0.003520
13,10,0.000002,-8.244192,-3.356693,-3.107275,-8.221576,-0.022616,-3.369956,0.013263,-3.116636,0.009361
13,11,-0.005376,-8.244192,-3.356693,-3.107275,-8.229683,-0.014509,-3.350438,-0.006255,-3.111913,0.004637
13,12,0.011995,-8.244192,-3.356693,-3.107275,-8.246917,0.002725,-3.392648,0.035955,-3.104580,-0.002695
13,13,0.005435,-8.244192,-3.356693,-3.107275,-8.258152,0.013960,-3.360146,0.003453,-3.106168,-0.001107
13,14,-0.003138,-8.244192,-3.356693,-3.107275,-8.232504,-0.011688,-3.355423,-0.001270,-3.110820,0.003545
13,15,-0.008919,-8.244192,-3.356693,-3.107275,-8.235243,-0.008949,-3.336915,-0.019778,-3.109248,0.001972
13,16,-0.004287,-8.244192,-3.356693,-3.107275,-8.233859,-0.010333,-3.356476,-0.000217,-3.104965,-0.002311
13,17,-0.000715,-8.244192,-3.356693,-3.107275,-8.256614,0.012422,-3.340558,-0.016135,-3.108844,0.001568
13,18,-0.007478,-8.244192,-3.356693,-3.107275,-8.268470,0.024278,-3.316789,-0.039904,-3.100467,-0.006808
13,19,-0.005740,-8.244192,-3.356693,-3.107275,-8.230401,-0.013791,-3.348135,-0.008558,-3.112404,0.005128
14,0,0.001185,-8.244192,-3.356693,-3.107275,-8.233955,-0.010237,-3.370071,0.013377,-3.107690,0.000415
14,1,0.035867,-8.244192,-3.356693,-3.107275,-8.335052,0.090860,-3.374414,0.017721,-3.106295,-0.000980
14,2,0.013951,-8.244192,-3.356693,-3.107275,-8.272497,0.028305,-3.373267,0.016573,-3.104250,-0.003025
14,3,0.004853,-8.244192,-3.356693,-3.107275,-8.244199,0.000007,-3.376479,0.019786,-3.102041,-0.005235
14,4,0.000223,-8.244192,-3.356693,-3.107275,-8.251035,0.006843,-3.351129,-0.005564,-3.106667,-0.000608
14,5,0.005085,-8.244192,-3.356693,-3.107275,-8.275673,0.031481,-3.340683,-0.016010,-3.107061,-0.000215
14,6,0.005454,-8.244192,-3.356693,-3.107275,-8.263787,0.019595,-3.350089,-0.006604,-3.110647,0.003371
14,7,-0.011562,-8.244192,-3.356693,-3.107275,-8.208645,-0.035547,-3.357111,0.000417,-3.107719,0.000444
14,8,0.023692,-8.244192,-3.356693,-3.107275,-8.226988,-0.017204,-3.442057,0.085364,-3.110191,0.002915
14,9,0.023657,-8.244192,-3.356693,-3.107275,-8.311449,0.067257,-3.360503,0.003810,-3.107181,-0.000094
14,10,0.013771,-8.244192,-3.356693,-3.107275,-8.290013,0.045821,-3.353462,-0.003231,-3.105998,-0.001277
14,11,-0.004506,-8.244192,-3.356693,-3.107275,-8.232612,-0.011580,-3.354635,-0.002059,-3.107397,0.000121
14,12,-0.002492,-8.244192,-3.356693,-3.107275,-8.237436,-0.006756,-3.357742,0.001049,-3.105506,-0.001770
14,13,0.011676,-8.244192,-3.356693,-3.107275,-8.253575,0.009383,-3.383163,0.026470,-3.106451,-0.000825
14,14,0.005273,-8.244192,-3.356693,-3.107275,-8.246302,0.002110,-3.370079,0.013386,-3.107599,0.000324
14,15,0.010086,-8.244192,-3.356693,-3.107275,-8.275353,0.031161,-3.358301,0.001608,-3.104765,-0.002510
14,16,0.000097,-8.244192,-3.356693,-3.107275,-8.247527,0.003335,-3.352005,-0.004688,-3.108918,0.001643
14,17,0.018963,-8.244192,-3.356693,-3.107275,-8.310239,0.066047,-3.346724,-0.009969,-3.108088,0.000813
14,18,0.015484,-8.244192,-3.356693,-3.107275,-8.294773,0.050581,-3.353500,-0.003194,-3.106342,-0.000934
14,19,-0.008095,-8.244192,-3.356693,-3.107275,-8.226326,-0.017866,-3.353480,-0.003213,-3.104069,-0.003206
15,0,-0.005539,-8.244192,-3.356693,-3.107275,-8.229937,-0.014256,-3.358379,0.001686,-3.103229,-0.004047
15,1,0.009421,-8.244192,-3.356693,-3.107275,-8.283981,0.039789,-3.362938,0.006245,-3.089503,-0.017772
15,2,-0.013527,-8.244192,-3.356693,-3.107275,-8.222417,-0.021775,-3.344431,-0.012262,-3.100733,-0.006542
15,3,0.002372,-8.244192,-3.356693,-3.107275,-8.231295,-0.012897,-3.372778,0.016084,-3.111206,0.003930
15,4,-0.010192,-8.244192,-3.356693,-3.107275,-8.235632,-0.008560,-3.345294,-0.011400,-3.096659,-0.010617
15,5,-0.002239,-8.244192,-3.356693,-3.107275,-8.240875,-0.003317,-3.354639,-0.002054,-3.105931,-0.001345
15,6,-0.004543,-8.244192,-3.356693,-3.107275,-8.247033,0.002841,-3.351020,-0.005673,-3.096478,-0.010798
15,7,0.018002,-8.244192,-3.356693,-3.107275,-8.246947,0.002755,-3.398146,0.041453,-3.117074,0.009799
15,8,0.004638,-8.244192,-3.356693,-3.107275,-8.244171,-0.000021,-3.371024,0.014331,-3.106880,-0.000395
15,9,0.001032,-8.244192,-3.356693,-3.107275,-8.266038,0.021846,-3.341817,-0.014876,-3.103402,-0.003873
15,10,-0.015156,-8.244192,-3.356693,-3.107275,-8.211447,-0.032745,-3.349859,-0.006834,-3.101386,-0.005890
15,11,0.000295,-8.244192,-3.356693,-3.107275,-8.234367,-0.009825,-3.363879,0.007185,-3.110799,0.003523
15,12,-0.004946,-8.244192,-3.356693,-3.107275,-8.237600,-0.006592,-3.351834,-0.004860,-3.103888,-0.003387
15,13,0.009784,-8.244192,-3.356693,-3.107275,-8.240530,-0.003662,-3.377122,0.020429,-3.119860,0.012584
15,14,0.033340,-8.244192,-3.356693,-3.107275,-8.260721,0.016529,-3.446122,0.089429,-3.101337,-0.005938
15,15,-0.002293,-8.244192,-3.356693,-3.107275,-8.249130,0.004938,-3.353651,-0.003042,-3.098500,-0.008776
15,16,-0.011201,-8.244192,-3.356693,-3.107275,-8.244525,0.000333,-3.338589,-0.018104,-3.091443,-0.015833
15,17,-0.002992,-8.244192,-3.356693,-3.107275,-8.246711,0.002519,-3.353256,-0.003437,-3.099217,-0.008059
15,18,-0.000605,-8.244192,-3.356693,-3.107275,-8.231485,-0.012707,-3.369888,0.013195,-3.104973,-0.002303
15,19,-0.038323,-8.244192,-3.356693,-3.107275,-8.160561,-0.083632,-3.328122,-0.028572,-3.104509,-0.002767
16,0,0.011817,-8.244192,-3.356693,-3.107275,-8.245294,0.001101,-3.393069,0.036376,-3.105248,-0.002027
16,1,0.004348,-8.244192,-3.356693,-3.107275,-8.247138,0.002946,-3.364837,0.008143,-3.109231,0.001955
16,2,-0.000858,-8.244192,-3.356693,-3.107275,-8.237941,-0.006251,-3.356201,-0.000492,-3.111444,0.004169
16,3,0.001840,-8.244192,-3.356693,-3.107275,-8.243207,-0.000985,-3.360868,0.004174,-3.109606,0.002331
16,4,0.000532,-8.244192,-3.356693,-3.107275,-8.244976,0.000784,-3.353704,-0.002989,-3.111075,0.003800
16,5,0.011802,-8.244192,-3.356693,-3.107275,-8.278482,0.034290,-3.358319,0.001625,-3.106765,-0.000510
16,6,0.000108,-8.244192,-3.356693,-3.107275,-8.242585,-0.001607,-3.353091,-0.003603,-3.112808,0.005533
16,7,0.000079,-8.244192,-3.356693,-3.107275,-8.243265,-0.000927,-3.357326,0.000633,-3.107806,0.000531
16,8,-0.001393,-8.244192,-3.356693,-3.107275,-8.243741,-0.000451,-3.351301,-0.005393,-3.108942,0.001666
16,9,-0.002441,-8.244192,-3.356693,-3.107275,-8.234006,-0.010186,-3.355472,-0.001221,-3.111361,0.004086
16,10,-0.000547,-8.244192,-3.356693,-3.107275,-8.245728,0.001535,-3.349931,-0.006762,-3.110861,0.003586
16,11,0.007553,-8.244192,-3.356693,-3.107275,-8.248928,0.004736,-3.374731,0.018038,-3.107160,-0.000115
16,12,0.006031,-8.244192,-3.356693,-3.107275,-8.249395,0.005203,-3.366813,0.010119,-3.110046,0.002771
16,13,-0.000924,-8.244192,-3.356693,-3.107275,-8.241435,-0.002757,-3.358588,0.001894,-3.105367,-0.001909
16,14,0.005992,-8.244192,-3.356693,-3.107275,-8.246692,0.002500,-3.369294,0.012601,-3.110150,0.002875
16,15,-0.003443,-8.244192,-3.356693,-3.107275,-8.237040,-0.007153,-3.354116,-0.002577,-3.106675,-0.000600
16,16,0.058332,-8.244192,-3.356693,-3.107275,-8.249377,0.005185,-3.527912,0.171219,-3.105866,-0.001409
16,17,-0.001194,-8.244192,-3.356693,-3.107275,-8.245622,0.001430,-3.350726,-0.005967,-3.108231,0.000956
16,18,0.006252,-8.244192,-3.356693,-3.107275,-8.246332,0.002140,-3.380378,0.023685,-3.100206,-0.007069
16,19,0.002279,-8.244192,-3.356693,-3.107275,-8.248871,0.004679,-3.353346,-0.003348,-3.112781,0.005505
17,0,0.012513,-8.244192,-3.356693,-3.107275,-8.252814,0.008622,-3.381833,0.025140,-3.111052,0.003777
17,1,0.002120,-8.244192,-3.356693,-3.107275,-8.245916,0.001724,-3.360601,0.003907,-3.108005,0.000729
17,2,-0.001701,-8.244192,-3.356693,-3.107275,-8.245338,0.001146,-3.354659,-0.002034,-3.103060,-0.004216
17,3,0.002316,-8.244192,-3.356693,-3.107275,-8.239924,-0.004268,-3.367153,0.010460,-3.108031,0.000755
17,4,0.003062,-8.244192,-3.356693,-3.107275,-8.247702,0.003510,-3.360151,0.003458,-3.109493,0.002218
17,5,-0.005753,-8.244192,-3.356693,-3.107275,-8.235068,-0.009124,-3.350272,-0.006422,-3.105563,-0.001713
17,6,-0.000397,-8.244192,-3.356693,-3.107275,-8.238209,-0.005983,-3.362453,0.005759,-3.106307,-0.000968
17,7,0.011701,-8.244192,-3.356693,-3.107275,-8.254063,0.009871,-3.382375,0.025682,-3.106827,-0.000448
17,8,-0.000148,-8.244192,-3.356693,-3.107275,-8.242824,-0.001369,-3.355717,-0.000976,-3.109178,0.001902
17,9,-0.002007,-8.244192,-3.356693,-3.107275,-8.243693,-0.000499,-3.352428,-0.004265,-3.106017,-0.001258
17,10,0.001292,-8.244192,-3.356693,-3.107275,-8.247217,0.003025,-3.356923,0.000229,-3.107898,0.000622
17,11,-0.001920,-8.244192,-3.356693,-3.107275,-8.242887,-0.001306,-3.350653,-0.006040,-3.108861,0.001585
17,12,0.001234,-8.244192,-3.356693,-3.107275,-8.241103,-0.003089,-3.363428,0.006735,-3.107333,0.000057
17,13,0.000455,-8.244192,-3.356693,-3.107275,-8.243897,-0.000295,-3.357845,0.001152,-3.107783,0.000507
17,14,0.005036,-8.244192,-3.356693,-3.107275,-8.252307,0.008115,-3.361477,0.004783,-3.109487,0.002211
17,15,0.006250,-8.244192,-3.356693,-3.107275,-8.254312,0.010119,-3.365803,0.009110,-3.106795,-0.000480
17,16,0.000635,-8.244192,-3.356693,-3.107275,-8.243248,-0.000944,-3.357437,0.000743,-3.109382,0.002107
17,17,-0.001981,-8.244192,-3.356693,-3.107275,-8.242080,-0.002112,-3.352538,-0.004155,-3.107599,0.000324
17,18,0.001666,-8.244192,-3.356693,-3.107275,-8.246224,0.002032,-3.358561,0.001868,-3.108374,0.001099
17,19,0.004641,-8.244192,-3.356693,-3.107275,-8.244106,-0.000086,-3.372224,0.015531,-3.105754,-0.001521
18,0,-0.000648,-8.244192,-3.356693,-3.107275,-8.244576,0.000384,-3.354402,-0.002291,-3.107238,-0.000038
18,1,0.000091,-8.244192,-3.356693,-3.107275,-8.241558,-0.002634,-3.357403,0.000710,-3.109472,0.002197
18,2,-0.002512,-8.244192,-3.356693,-3.107275,-8.235761,-0.008431,-3.357862,0.001168,-3.107004,-0.000272
18,3,-0.001072,-8.244192,-3.356693,-3.107275,-8.241287,-0.002905,-3.356520,-0.000173,-3.107138,-0.000138
18,4,0.008213,-8.244192,-3.356693,-3.107275,-8.250191,0.005999,-3.365807,0.009113,-3.116802,0.009526
18,5,0.001641,-8.244192,-3.356693,-3.107275,-8.246374,0.002182,-3.361509,0.004815,-3.105201,-0.002074
18,6,0.007658,-8.244192,-3.356693,-3.107275,-8.243967,-0.000225,-3.385796,0.029102,-3.101373,-0.005902
18,7,-0.002004,-8.244192,-3.356693,-3.107275,-8.243984,-0.000208,-3.354380,-0.002314,-3.103786,-0.003490
18,8,-0.001101,-8.244192,-3.356693,-3.107275,-8.241789,-0.002403,-3.356428,-0.000266,-3.106641,-0.000635
18,9,-0.001726,-8.244192,-3.356693,-3.107275,-8.239864,-0.004328,-3.358262,0.001568,-3.104858,-0.002418
18,10,0.005105,-8.244192,-3.356693,-3.107275,-8.246389,0.002197,-3.366496,0.009802,-3.110590,0.003315
18,11,-0.001174,-8.244192,-3.356693,-3.107275,-8.240940,-0.003252,-3.357336,0.000642,-3.106363,-0.000913
18,12,0.020546,-8.244192,-3.356693,-3.107275,-8.296805,0.052613,-3.362357,0.005664,-3.110637,0.003362
18,13,0.007097,-8.244192,-3.356693,-3.107275,-8.241369,-0.002823,-3.380877,0.024184,-3.107207,-0.000069
18,14,-0.001092,-8.244192,-3.356693,-3.107275,-8.242414,-0.001779,-3.356428,-0.000265,-3.106042,-0.001233
18,15,0.000344,-8.244192,-3.356693,-3.107275,-8.243145,-0.001047,-3.357740,0.001046,-3.108309,0.001033
18,16,0.000056,-8.244192,-3.356693,-3.107275,-8.240801,-0.003391,-3.361524,0.004831,-3.106003,-0.001273
18,17,0.002286,-8.244192,-3.356693,-3.107275,-8.246956,0.002764,-3.360243,0.003550,-3.107820,0.000544
18,18,0.001227,-8.244192,-3.356693,-3.107275,-8.243013,-0.001179,-3.357628,0.000935,-3.111202,0.003926
18,19,-0.001435,-8.244192,-3.356693,-3.107275,-8.241961,-0.002232,-3.358263,0.001569,-3.103633,-0.003643
19,0,-0.000044,-8.244192,-3.356693,-3.107275,-8.245295,0.001102,-3.355640,-0.001053,-3.107094,-0.000182
19,1,-0.000397,-8.244192,-3.356693,-3.107275,-8.242795,-0.001397,-3.356601,-0.000093,-3.107575,0.000300
19,2,0.004154,-8.244192,-3.356693,-3.107275,-8.253580,0.009388,-3.357852,0.001158,-3.109190,0.001915
19,3,0.000027,-8.244192,-3.356693,-3.107275,-8.241544,-0.002648,-3.358267,0.001574,-3.108433,0.001157
19,4,0.000635,-8.244192,-3.356693,-3.107275,-8.245075,0.000883,-3.357141,0.000448,-3.107850,0.000574
19,5,-0.002164,-8.244192,-3.356693,-3.107275,-8.239453,-0.004739,-3.356568,-0.000125,-3.105648,-0.001628
19,6,0.000537,-8.244192,-3.356693,-3.107275,-8.244101,-0.000092,-3.356951,0.000257,-3.108720,0.001445
19,7,-0.000906,-8.244192,-3.356693,-3.107275,-8.239629,-0.004563,-3.357536,0.000843,-3.108279,0.001004
19,8,0.003124,-8.244192,-3.356693,-3.107275,-8.253030,0.008838,-3.357763,0.001069,-3.106740,-0.000536
19,9,-0.000040,-8.244192,-3.356693,-3.107275,-8.245106,0.000914,-3.354547,-0.002146,-3.108388,0.001112
19,10,-0.003302,-8.244192,-3.356693,-3.107275,-8.243749,-0.000443,-3.356472,-0.000221,-3.098032,-0.009243
19,11,-0.000553,-8.244192,-3.356693,-3.107275,-8.243344,-0.000848,-3.356733,0.000040,-3.106425,-0.000851
19,12,0.002488,-8.244192,-3.356693,-3.107275,-8.249326,0.005134,-3.356957,0.000264,-3.109343,0.002067
19,13,0.000765,-8.244192,-3.356693,-3.107275,-8.243505,-0.000688,-3.358739,0.002046,-3.108213,0.000937
19,14,-0.000383,-8.244192,-3.356693,-3.107275,-8.241712,-0.002481,-3.358032,0.001338,-3.107267,-0.000008
19,15,-0.000009,-8.244192,-3.356693,-3.107275,-8.243209,-0.000983,-3.357639,0.000946,-3.107287,0.000011
19,16,0.000521,-8.244192,-3.356693,-3.107275,-8.245205,0.001013,-3.356904,0.000211,-3.107614,0.000338
19,17,0.000883,-8.244192,-3.356693,-3.107275,-8.246595,0.002403,-3.357370,0.000677,-3.106846,-0.000429
19,18,-0.000376,-8.244192,-3.356693,-3.107275,-8.242925,-0.001267,-3.353942,-0.002751,-3.110165,0.002889
19,19,0.001174,-8.244192,-3.356693,-3.107275,-8.247211,0.003018,-3.356375,-0.000318,-3.108097,0.000821
20,0,-0.000425,-8.244192,-3.356693,-3.107275,-8.254204,0.010012,-3.347807,-0.008886,-3.104874,-0.002401
20,1,0.000000,-8.244192,-3.356693,-3.107275,-8.253923,0.009731,-3.347690,-0.009004,-3.106548,-0.000727
20,2,-0.002305,-8.244192,-3.356693,-3.107275,-8.233510,-0.010682,-3.346276,-0.010417,-3.121459,0.014184
20,3,-0.002709,-8.244192,-3.356693,-3.107275,-8.244566,0.000374,-3.348795,-0.007898,-3.106673,-0.000603
20,4,0.001877,-8.244192,-3.356693,-3.107275,-8.239377,-0.004815,-3.361175,0.004481,-3.113241,0.005966
20,5,-0.003484,-8.244192,-3.356693,-3.107275,-8.248458,0.004266,-3.342780,-0.013913,-3.106472,-0.000803
20,6,-0.000092,-8.244192,-3.356693,-3.107275,-8.259653,0.015461,-3.343585,-0.013108,-3.104646,-0.002629
20,7,-0.003122,-8.244192,-3.356693,-3.107275,-8.238848,-0.005344,-3.352962,-0.003731,-3.106984,-0.000291
20,8,-0.003476,-8.244192,-3.356693,-3.107275,-8.238176,-0.006016,-3.335349,-0.021345,-3.124208,0.016932
20,9,-0.000031,-8.244192,-3.356693,-3.107275,-8.248159,0.003967,-3.354022,-0.002672,-3.105886,-0.001390
20,10,0.014895,-8.244192,-3.356693,-3.107275,-8.296036,0.051844,-3.346001,-0.010693,-3.110809,0.003534
20,11,0.005445,-8.244192,-3.356693,-3.107275,-8.277883,0.033690,-3.338512,-0.018181,-3.108100,0.000824
20,12,0.009680,-8.244192,-3.356693,-3.107275,-8.251748,0.007556,-3.375176,0.018482,-3.110277,0.003002
20,13,-0.000768,-8.244192,-3.356693,-3.107275,-8.255210,0.011018,-3.342633,-0.014060,-3.108015,0.000739
20,14,-0.005669,-8.244192,-3.356693,-3.107275,-8.255280,0.011088,-3.320251,-0.036442,-3.115623,0.008347
20,15,-0.004803,-8.244192,-3.356693,-3.107275,-8.237797,-0.006395,-3.343664,-0.013029,-3.112290,0.005015
20,16,0.001641,-8.244192,-3.356693,-3.107275,-8.246286,0.002094,-3.348783,-0.007910,-3.118013,0.010738
20,17,0.002805,-8.244192,-3.356693,-3.107275,-8.254592,0.010400,-3.354051,-0.002643,-3.107934,0.000659
20,18,-0.005094,-8.244192,-3.356693,-3.107275,-8.271370,0.027178,-3.312381,-0.044312,-3.109128,0.001853
20,19,-0.001106,-8.244192,-3.356693,-3.107275,-8.241042,-0.003150,-3.359082,0.002389,-3.104717,-0.002558
21,0,0.000620,-8.244192,-3.356693,-3.107275,-8.244621,0.000429,-3.356672,-0.000022,-3.108727,0.001452
21,1,0.000134,-8.244192,-3.356693,-3.107275,-8.243912,-0.000280,-3.357032,0.000339,-3.107618,0.000343
21,2,0.000407,-8.244192,-3.356693,-3.107275,-8.243965,-0.000227,-3.359541,0.002848,-3.105876,-0.001399
21,3,-0.000256,-8.244192,-3.356693,-3.107275,-8.240799,-0.003393,-3.358423,0.001729,-3.108173,0.000897
21,4,0.000478,-8.244192,-3.356693,-3.107275,-8.244386,0.000194,-3.357529,0.000836,-3.107679,0.000403
21,5,0.001007,-8.244192,-3.356693,-3.107275,-8.244741,0.000549,-3.358873,0.002180,-3.107569,0.000293
21,6,0.000849,-8.244192,-3.356693,-3.107275,-8.243281,-0.000911,-3.358855,0.002162,-3.108572,0.001297
21,7,-0.001064,-8.244192,-3.356693,-3.107275,-8.244197,0.000005,-3.353783,-0.002910,-3.106988,-0.000288
21,8,-0.000086,-8.244192,-3.356693,-3.107275,-8.243356,-0.000836,-3.357204,0.000511,-3.107344,0.000068
21,9,0.001141,-8.244192,-3.356693,-3.107275,-8.243999,-0.000194,-3.359070,0.002377,-3.108516,0.001241
21,10,0.000291,-8.244192,-3.356693,-3.107275,-8.243450,-0.000742,-3.359095,0.002401,-3.106488,-0.000787
21,11,-0.000180,-8.244192,-3.356693,-3.107275,-8.244593,0.000401,-3.357406,0.000713,-3.105622,-0.001654
21,12,0.000895,-8.244192,-3.356693,-3.107275,-8.243400,-0.000793,-3.357404,0.000711,-3.110042,0.002767
21,13,0.001083,-8.244192,-3.356693,-3.107275,-8.245531,0.001339,-3.358067,0.001374,-3.107811,0.000536
21,14,0.001094,-8.244192,-3.356693,-3.107275,-8.244156,-0.000036,-3.360440,0.003746,-3.106848,-0.000427
21,15,0.000755,-8.244192,-3.356693,-3.107275,-8.244863,0.000670,-3.358032,0.001339,-3.107531,0.000256
21,16,-0.001666,-8.244192,-3.356693,-3.107275,-8.241323,-0.002870,-3.357439,0.000745,-3.104403,-0.002872
21,17,0.000276,-8.244192,-3.356693,-3.107275,-8.245176,0.000984,-3.355508,-0.001185,-3.108305,0.001030
21,18,-0.000014,-8.244192,-3.356693,-3.107275,-8.244643,0.000451,-3.356399,-0.000294,-3.107077,-0.000199
21,19,0.000001,-8.244192,-3.356693,-3.107275,-8.242862,-0.001330,-3.357538,0.000844,-3.107763,0.000488
22,0,0.000882,-8.244192,-3.356693,-3.107275,-8.243535,-0.000657,-3.357641,0.000948,-3.109629,0.002354
22,1,0.001244,-8.244192,-3.356693,-3.107275,-8.243705,-0.000487,-3.357507,0.000814,-3.110680,0.003405
22,2,0.000038,-8.244192,-3.356693,-3.107275,-8.244143,-0.000050,-3.358461,0.001768,-3.105671,-0.001604
22,3,0.000365,-8.244192,-3.356693,-3.107275,-8.242679,-0.001513,-3.357192,0.000499,-3.109385,0.002110
22,4,0.004249,-8.244192,-3.356693,-3.107275,-8.251809,0.007617,-3.360253,0.003560,-3.108846,0.001571
22,5,-0.000234,-8.244192,-3.356693,-3.107275,-8.242077,-0.002115,-3.358083,0.001390,-3.107300,0.000024
22,6,0.001202,-8.244192,-3.356693,-3.107275,-8.241510,-0.002682,-3.359156,0.002462,-3.111101,0.003825
22,7,0.001769,-8.244192,-3.356693,-3.107275,-8.249009,0.004817,-3.357573,0.000880,-3.106887,-0.000389
22,8,0.000732,-8.244192,-3.356693,-3.107275,-8.245684,0.001492,-3.356792,0.000099,-3.107880,0.000605
22,9,-0.000808,-8.244192,-3.356693,-3.107275,-8.244670,0.000478,-3.356729,0.000036,-3.104339,-0.002936
22,10,0.003096,-8.244192,-3.356693,-3.107275,-8.251520,0.007328,-3.356759,0.000066,-3.109169,0.001894
22,11,0.000409,-8.244192,-3.356693,-3.107275,-8.244702,0.000510,-3.357565,0.000872,-3.107120,-0.000155
22,12,0.006302,-8.244192,-3.356693,-3.107275,-8.260292,0.016100,-3.360323,0.003630,-3.106451,-0.000824
22,13,-0.000511,-8.244192,-3.356693,-3.107275,-8.241343,-0.002849,-3.357007,0.000313,-3.108277,0.001001
22,14,-0.005695,-8.244192,-3.356693,-3.107275,-8.229332,-0.014860,-3.355800,-0.000893,-3.105944,-0.001332
22,15,0.001038,-8.244192,-3.356693,-3.107275,-8.247048,0.002856,-3.356542,-0.000151,-3.107683,0.000408
22,16,0.004741,-8.244192,-3.356693,-3.107275,-8.249712,0.005520,-3.365374,0.008680,-3.107299,0.000023
22,17,0.000323,-8.244192,-3.356693,-3.107275,-8.245939,0.001747,-3.357134,0.000441,-3.106058,-0.001218
22,18,0.000114,-8.244192,-3.356693,-3.107275,-8.243234,-0.000958,-3.358220,0.001527,-3.107048,-0.000227
22,19,0.000271,-8.244192,-3.356693,-3.107275,-8.244058,-0.000134,-3.357797,0.001104,-3.107118,-0.000157
23,0,-0.001511,-8.244192,-3.356693,-3.107275,-8.244833,0.000641,-3.356643,-0.000050,-3.102153,-0.005123
23,1,-0.000111,-8.244192,-3.356693,-3.107275,-8.244756,0.000564,-3.356051,-0.000642,-3.107022,-0.000254
23,2,0.000414,-8.244192,-3.356693,-3.107275,-8.245061,0.000869,-3.356881,0.000188,-3.107461,0.000185
23,3,0.002165,-8.244192,-3.356693,-3.107275,-8.244060,-0.000133,-3.362315,0.005622,-3.108281,0.001006
23,4,0.000776,-8.244192,-3.356693,-3.107275,-8.245761,0.001569,-3.357657,0.000964,-3.107072,-0.000204
23,5,0.000503,-8.244192,-3.356693,-3.107275,-8.244052,-0.000140,-3.358208,0.001515,-3.107408,0.000133
23,6,0.000471,-8.244192,-3.356693,-3.107275,-8.244263,0.000071,-3.357371,0.000678,-3.107941,0.000666
23,7,-0.001092,-8.244192,-3.356693,-3.107275,-8.242763,-0.001430,-3.354721,-0.001972,-3.107403,0.000127
23,8,0.000157,-8.244192,-3.356693,-3.107275,-8.243899,-0.000293,-3.357345,0.000652,-3.107388,0.000113
23,9,-0.000396,-8.244192,-3.356693,-3.107275,-8.243303,-0.000889,-3.356476,-0.000217,-3.107193,-0.000083
23,10,0.000108,-8.244192,-3.356693,-3.107275,-8.244520,0.000328,-3.356752,0.000058,-3.107213,-0.000063
23,11,-0.000261,-8.244192,-3.356693,-3.107275,-8.244127,-0.000065,-3.355705,-0.000988,-3.107545,0.000269
23,12,-0.000006,-8.244192,-3.356693,-3.107275,-8.244684,0.000492,-3.356029,-0.000664,-3.107430,0.000154
23,13,-0.000297,-8.244192,-3.356693,-3.107275,-8.241704,-0.002488,-3.357822,0.001129,-3.107743,0.000468
23,14,0.000004,-8.244192,-3.356693,-3.107275,-8.244440,0.000248,-3.356355,-0.000338,-3.107379,0.000103
23,15,0.000716,-8.244192,-3.356693,-3.107275,-8.244434,0.000242,-3.358585,0.001892,-3.107290,0.000014
23,16,0.000334,-8.244192,-3.356693,-3.107275,-8.243471,-0.000721,-3.357878,0.001185,-3.107814,0.000539
23,17,-0.000122,-8.244192,-3.356693,-3.107275,-8.244081,-0.000112,-3.356538,-0.000155,-3.107177,-0.000098
23,18,0.000310,-8.244192,-3.356693,-3.107275,-8.244257,0.000065,-3.357341,0.000647,-3.107494,0.000219
23,19,0.000426,-8.244192,-3.356693,-3.107275,-8.242637,-0.001555,-3.358382,0.001689,-3.108421,0.001145
24,0,-0.000213,-8.244192,-3.356693,-3.107275,-8.244448,0.000256,-3.356120,-0.000573,-3.106954,-0.000321
24,1,-0.000215,-8.244192,-3.356693,-3.107275,-8.243248,-0.000944,-3.356827,0.000134,-3.107440,0.000165
24,2,0.000355,-8.244192,-3.356693,-3.107275,-8.244265,0.000072,-3.357658,0.000965,-3.107302,0.000026
24,3,-0.000057,-8.244192,-3.356693,-3.107275,-8.243716,-0.000476,-3.356659,-0.000034,-3.107616,0.000340
24,4,-0.000037,-8.244192,-3.356693,-3.107275,-8.245200,0.001008,-3.355802,-0.000891,-3.107049,-0.000227
24,5,0.000327,-8.244192,-3.356693,-3.107275,-8.245337,0.001145,-3.356582,-0.000111,-3.107221,-0.000054
24,6,0.003495,-8.244192,-3.356693,-3.107275,-8.244579,0.000387,-3.365059,0.008366,-3.109006,0.001730
24,7,0.000273,-8.244192,-3.356693,-3.107275,-8.242787,-0.001405,-3.358423,0.001730,-3.107770,0.000494
24,8,-0.000714,-8.244192,-3.356693,-3.107275,-8.244736,0.000544,-3.354403,-0.002290,-3.106880,-0.000395
24,9,0.008700,-8.244192,-3.356693,-3.107275,-8.243901,-0.000291,-3.383229,0.026535,-3.107131,-0.000144
24,10,0.000112,-8.244192,-3.356693,-3.107275,-8.244500,0.000308,-3.356499,-0.000194,-3.107497,0.000222
24,11,-0.000120,-8.244192,-3.356693,-3.107275,-8.243963,-0.000229,-3.356473,-0.000221,-3.107365,0.000089
24,12,0.000134,-8.244192,-3.356693,-3.107275,-8.244239,0.000047,-3.356846,0.000153,-3.107479,0.000203
24,13,0.000124,-8.244192,-3.356693,-3.107275,-8.244307,0.000114,-3.356981,0.000287,-3.107245,-0.000030
24,14,-0.000276,-8.244192,-3.356693,-3.107275,-8.244438,0.000246,-3.355467,-0.001226,-3.107427,0.000151
24,15,0.000155,-8.244192,-3.356693,-3.107275,-8.243896,-0.000297,-3.357261,0.000568,-3.107470,0.000194
24,16,-0.000070,-8.244192,-3.356693,-3.107275,-8.243563,-0.000629,-3.357097,0.000404,-3.107291,0.000016
24,17,0.000497,-8.244192,-3.356693,-3.107275,-8.244611,0.000419,-3.357708,0.001014,-3.107333,0.000058
24,18,0.000183,-8.244192,-3.356693,-3.107275,-8.244466,0.000274,-3.356992,0.000298,-3.107251,-0.000024
24,19,-0.000546,-8.244192,-3.356693,-3.107275,-8.245154,0.000962,-3.354026,-0.002667,-3.107343,0.000068
25,0,-0.000380,-8.244192,-3.356693,-3.107275,-8.242785,-0.001407,-3.355502,-0.001191,-3.108733,0.001457
25,1,-0.001424,-8.244192,-3.356693,-3.107275,-8.241587,-0.002605,-3.355513,-0.001180,-3.106789,-0.000486
25,2,-0.000998,-8.244192,-3.356693,-3.107275,-8.240844,-0.003348,-3.355621,-0.001072,-3.108701,0.001425
25,3,-0.001886,-8.244192,-3.356693,-3.107275,-8.238269,-0.005923,-3.355596,-0.001098,-3.108639,0.001363
25,4,-0.000412,-8.244192,-3.356693,-3.107275,-8.241442,-0.002750,-3.358386,0.001693,-3.107098,-0.000177
25,5,-0.001694,-8.244192,-3.356693,-3.107275,-8.240644,-0.003548,-3.354218,-0.002476,-3.108217,0.000942
25,6,-0.002471,-8.244192,-3.356693,-3.107275,-8.238163,-0.006029,-3.353421,-0.003272,-3.109164,0.001888
25,7,-0.000936,-8.244192,-3.356693,-3.107275,-8.241294,-0.002898,-3.356225,-0.000468,-3.107834,0.000559
25,8,0.001834,-8.244192,-3.356693,-3.107275,-8.243449,-0.000743,-3.363955,0.007261,-3.106258,-0.001018
25,9,-0.001256,-8.244192,-3.356693,-3.107275,-8.243056,-0.001136,-3.353358,-0.003335,-3.107977,0.000702
25,10,0.000057,-8.244192,-3.356693,-3.107275,-8.243903,-0.000289,-3.356441,-0.000253,-3.107987,0.000712
25,11,0.000027,-8.244192,-3.356693,-3.107275,-8.240221,-0.003971,-3.359701,0.003008,-3.108320,0.001044
25,12,0.001750,-8.244192,-3.356693,-3.107275,-8.247801,0.003609,-3.358661,0.001967,-3.106948,-0.000328
25,13,-0.000630,-8.244192,-3.356693,-3.107275,-8.240848,-0.003345,-3.358057,0.001364,-3.107366,0.000091
25,14,-0.000874,-8.244192,-3.356693,-3.107275,-8.243832,-0.000360,-3.354660,-0.002033,-3.107048,-0.000227
25,15,-0.001076,-8.244192,-3.356693,-3.107275,-8.240475,-0.003717,-3.357516,0.000823,-3.106943,-0.000333
25,16,0.000412,-8.244192,-3.356693,-3.107275,-8.244328,0.000136,-3.357893,0.001200,-3.107175,-0.000101
25,17,-0.001809,-8.244192,-3.356693,-3.107275,-8.242069,-0.002123,-3.352567,-0.004126,-3.108096,0.000821
25,18,-0.001838,-8.244192,-3.356693,-3.107275,-8.239374,-0.004818,-3.355456,-0.001237,-3.107817,0.000541
25,19,-0.001213,-8.244192,-3.356693,-3.107275,-8.240003,-0.004189,-3.355406,-0.001287,-3.109113,0.001837
26,0,0.000074,-8.244192,-3.356693,-3.107275,-8.244185,-0.000007,-3.356701,0.000008,-3.107495,0.000220
26,1,-0.000165,-8.244192,-3.356693,-3.107275,-8.244510,0.000318,-3.355982,-0.000711,-3.107173,-0.000103
26,2,0.000086,-8.244192,-3.356693,-3.107275,-8.245128,0.000936,-3.355527,-0.001166,-3.107764,0.000488
26,3,0.000168,-8.244192,-3.356693,-3.107275,-8.244688,0.000496,-3.356743,0.000050,-3.107233,-0.000043
26,4,-0.000287,-8.244192,-3.356693,-3.107275,-8.243775,-0.000417,-3.356356,-0.000337,-3.107169,-0.000106
26,5,0.002557,-8.244192,-3.356693,-3.107275,-8.247134,0.002942,-3.361373,0.004680,-3.107324,0.000049
26,6,0.000050,-8.244192,-3.356693,-3.107275,-8.244555,0.000362,-3.356464,-0.000230,-3.107292,0.000017
26,7,0.000289,-8.244192,-3.356693,-3.107275,-8.244898,0.000706,-3.356678,-0.000015,-3.107452,0.000177
26,8,-0.000238,-8.244192,-3.356693,-3.107275,-8.244126,-0.000066,-3.356123,-0.000570,-3.107196,-0.000079
26,9,0.000347,-8.244192,-3.356693,-3.107275,-8.244083,-0.000109,-3.358018,0.001325,-3.107100,-0.000175
26,10,0.000931,-8.244192,-3.356693,-3.107275,-8.245160,0.000968,-3.358496,0.001803,-3.107297,0.000021
26,11,-0.000113,-8.244192,-3.356693,-3.107275,-8.244305,0.000113,-3.356436,-0.000258,-3.107080,-0.000195
26,12,0.000388,-8.244192,-3.356693,-3.107275,-8.244993,0.000801,-3.356964,0.000271,-3.107368,0.000093
26,13,-0.000009,-8.244192,-3.356693,-3.107275,-8.244537,0.000345,-3.356688,-0.000005,-3.106907,-0.000368
26,14,0.000320,-8.244192,-3.356693,-3.107275,-8.244655,0.000463,-3.357252,0.000558,-3.107216,-0.000060
26,15,-0.000094,-8.244192,-3.356693,-3.107275,-8.243554,-0.000638,-3.357051,0.000357,-3.107274,-0.000001
26,16,0.000292,-8.244192,-3.356693,-3.107275,-8.244834,0.000642,-3.356431,-0.000263,-3.107771,0.000496
26,17,0.000453,-8.244192,-3.356693,-3.107275,-8.244683,0.000491,-3.357355,0.000661,-3.107481,0.000206
26,18,0.000153,-8.244192,-3.356693,-3.107275,-8.244331,0.000139,-3.357019,0.000326,-3.107270,-0.000005
26,19,0.000009,-8.244192,-3.356693,-3.107275,-8.244386,0.000194,-3.356399,-0.000294,-3.107404,0.000129
27,0,0.000250,-8.244192,-3.356693,-3.107275,-8.244774,0.000582,-3.356956,0.000262,-3.107183,-0.000093
27,1,0.000108,-8.244192,-3.356693,-3.107275,-8.244611,0.000419,-3.356529,-0.000164,-3.107344,0.000068
27,2,0.000008,-8.244192,-3.356693,-3.107275,-8.244233,0.000041,-3.356692,-0.000002,-3.107260,-0.000015
27,3,0.000664,-8.244192,-3.356693,-3.107275,-8.245863,0.001671,-3.357167,0.000474,-3.107124,-0.000151
27,4,-0.000297,-8.244192,-3.356693,-3.107275,-8.244009,-0.000183,-3.355900,-0.000793,-3.107361,0.000085
27,5,0.000387,-8.244192,-3.356693,-3.107275,-8.245384,0.001192,-3.356751,0.000058,-3.107186,-0.000090
27,6,0.001867,-8.244192,-3.356693,-3.107275,-8.247208,0.003016,-3.358311,0.001617,-3.108243,0.000968
27,7,-0.000188,-8.244192,-3.356693,-3.107275,-8.244002,-0.000190,-3.356280,-0.000414,-3.107315,0.000039
27,8,0.000209,-8.244192,-3.356693,-3.107275,-8.244622,0.000430,-3.356736,0.000043,-3.107429,0.000153
27,9,-0.000035,-8.244192,-3.356693,-3.107275,-8.244512,0.000319,-3.356277,-0.000417,-3.107268,-0.000007
27,10,0.000275,-8.244192,-3.356693,-3.107275,-8.244416,0.000224,-3.357200,0.000507,-3.107368,0.000093
27,11,0.000256,-8.244192,-3.356693,-3.107275,-8.245274,0.001081,-3.356589,-0.000104,-3.107066,-0.000210
27,12,-0.000103,-8.244192,-3.356693,-3.107275,-8.244635,0.000443,-3.355998,-0.000695,-3.107219,-0.000056
27,13,0.000339,-8.244192,-3.356693,-3.107275,-8.245110,0.000917,-3.356615,-0.000078,-3.107452,0.000177
27,14,0.000232,-8.244192,-3.356693,-3.107275,-8.244583,0.000391,-3.356833,0.000140,-3.107440,0.000165
27,15,0.000034,-8.244192,-3.356693,-3.107275,-8.244414,0.000222,-3.356464,-0.000229,-3.107385,0.000110
27,16,-0.000167,-8.244192,-3.356693,-3.107275,-8.243696,-0.000496,-3.356627,-0.000067,-3.107338,0.000062
27,17,0.000010,-8.244192,-3.356693,-3.107275,-8.243268,-0.000924,-3.357465,0.000771,-3.107459,0.000184
27,18,0.000052,-8.244192,-3.356693,-3.107275,-8.243967,-0.000225,-3.356766,0.000072,-3.107585,0.000310
27,19,-0.000018,-8.244192,-3.356693,-3.107275,-8.244598,0.000406,-3.356286,-0.000408,-3.107222,-0.000054
28,0,0.000248,-8.244192,-3.356693,-3.107275,-8.244555,0.000363,-3.357160,0.000467,-3.107191,-0.000085
28,1,-0.000038,-8.244192,-3.356693,-3.107275,-8.243956,-0.000237,-3.356700,0.000007,-3.107390,0.000115
28,2,0.000403,-8.244192,-3.356693,-3.107275,-8.244955,0.000763,-3.357090,0.000397,-3.107324,0.000049
28,3,0.000054,-8.244192,-3.356693,-3.107275,-8.244226,0.000033,-3.357137,0.000444,-3.106960,-0.000316
28,4,0.000380,-8.244192,-3.356693,-3.107275,-8.242992,-0.001200,-3.357109,0.000416,-3.109199,0.001923
28,5,0.000113,-8.244192,-3.356693,-3.107275,-8.244665,0.000473,-3.356443,-0.000250,-3.107391,0.000115
28,6,-0.000196,-8.244192,-3.356693,-3.107275,-8.244404,0.000212,-3.355917,-0.000776,-3.107252,-0.000023
28,7,0.000125,-8.244192,-3.356693,-3.107275,-8.244328,0.000136,-3.356958,0.000265,-3.107249,-0.000027
28,8,0.000115,-8.244192,-3.356693,-3.107275,-8.243909,-0.000283,-3.357227,0.000534,-3.107369,0.000093
28,9,-0.000020,-8.244192,-3.356693,-3.107275,-8.244114,-0.000078,-3.356636,-0.000057,-3.107350,0.000075
28,10,0.000161,-8.244192,-3.356693,-3.107275,-8.244437,0.000245,-3.357016,0.000322,-3.107192,-0.000084
28,11,-0.000035,-8.244192,-3.356693,-3.107275,-8.243718,-0.000474,-3.357158,0.000465,-3.107180,-0.000095
28,12,-0.000012,-8.244192,-3.356693,-3.107275,-8.243986,-0.000206,-3.356791,0.000098,-3.107349,0.000074
28,13,0.000075,-8.244192,-3.356693,-3.107275,-8.244263,0.000071,-3.356961,0.000268,-3.107161,-0.000114
28,14,0.000231,-8.244192,-3.356693,-3.107275,-8.244680,0.000488,-3.356671,-0.000022,-3.107502,0.000226
28,15,0.000876,-8.244192,-3.356693,-3.107275,-8.245284,0.001092,-3.358163,0.001470,-3.107342,0.000067
28,16,0.000178,-8.244192,-3.356693,-3.107275,-8.244304,0.000112,-3.357263,0.000569,-3.107129,-0.000147
28,17,0.000272,-8.244192,-3.356693,-3.107275,-8.244188,-0.000004,-3.357332,0.000639,-3.107455,0.000180
28,18,0.000162,-8.244192,-3.356693,-3.107275,-8.244237,0.000045,-3.357279,0.000586,-3.107130,-0.000145
28,19,0.000170,-8.244192,-3.356693,-3.107275,-8.244032,-0.000160,-3.357367,0.000673,-3.107271,-0.000004
29,0,0.000503,-8.244192,-3.356693,-3.107275,-8.244001,-0.000191,-3.358337,0.001643,-3.107330,0.000055
29,1,0.000795,-8.244192,-3.356693,-3.107275,-8.245914,0.001722,-3.357291,0.000597,-3.107341,0.000066
29,2,0.000138,-8.244192,-3.356693,-3.107275,-8.244359,0.000167,-3.356945,0.000251,-3.107271,-0.000005
29,3,-0.000424,-8.244192,-3.356693,-3.107275,-8.243244,-0.000948,-3.356786,0.000093,-3.106858,-0.000418
29,4,0.000118,-8.244192,-3.356693,-3.107275,-8.244239,0.000047,-3.357024,0.000330,-3.107252,-0.000023
29,5,0.001159,-8.244192,-3.356693,-3.107275,-8.246405,0.002213,-3.357838,0.001145,-3.107397,0.000121
29,6,0.000375,-8.244192,-3.356693,-3.107275,-8.244287,0.000095,-3.357734,0.001041,-3.107265,-0.000010
29,7,0.000189,-8.244192,-3.356693,-3.107275,-8.244103,-0.000089,-3.357270,0.000576,-3.107354,0.000079
29,8,0.000085,-8.244192,-3.356693,-3.107275,-8.244166,-0.000026,-3.356941,0.000248,-3.107309,0.000034
29,9,0.000554,-8.244192,-3.356693,-3.107275,-8.244638,0.000446,-3.357546,0.000853,-3.107638,0.000362
29,10,0.000035,-8.244192,-3.356693,-3.107275,-8.244411,0.000219,-3.356564,-0.000129,-3.107291,0.000015
29,11,0.000291,-8.244192,-3.356693,-3.107275,-8.244647,0.000455,-3.357055,0.000362,-3.107331,0.000055
29,12,0.000029,-8.244192,-3.356693,-3.107275,-8.244639,0.000447,-3.356362,-0.000332,-3.107245,-0.000030
29,13,0.001034,-8.244192,-3.356693,-3.107275,-8.246741,0.002549,-3.357309,0.000616,-3.107212,-0.000063
29,14,0.000125,-8.244192,-3.356693,-3.107275,-8.244059,-0.000134,-3.357152,0.000458,-3.107326,0.000051
29,15,0.000087,-8.244192,-3.356693,-3.107275,-8.244487,0.000295,-3.356690,-0.000003,-3.107243,-0.000032
29,16,0.000148,-8.244192,-3.356693,-3.107275,-8.244320,0.000128,-3.357074,0.000381,-3.107212,-0.000064
29,17,0.000067,-8.244192,-3.356693,-3.107275,-8.244024,-0.000168,-3.356940,0.000246,-3.107398,0.000123
29,18,0.000224,-8.244192,-3.356693,-3.107275,-8.244271,0.000079,-3.357258,0.000564,-3.107303,0.000027
29,19,0.000227,-8.244192,-3.356693,-3.107275,-8.244388,0.000196,-3.357018,0.000325,-3.107435,0.000160
30,0,-0.000346,-8.244192,-3.356693,-3.107275,-8.242920,-0.001272,-3.356640,-0.000053,-3.107562,0.000286
30,1,-0.000020,-8.244192,-3.356693,-3.107275,-8.243989,-0.000203,-3.356779,0.000086,-3.107333,0.000057
30,2,0.000399,-8.244192,-3.356693,-3.107275,-8.244439,0.000247,-3.357640,0.000947,-3.107280,0.000004
30,3,0.000043,-8.244192,-3.356693,-3.107275,-8.244117,-0.000075,-3.356828,0.000135,-3.107346,0.000070
30,4,-0.000120,-8.244192,-3.356693,-3.107275,-8.243785,-0.000407,-3.356733,0.000040,-3.107283,0.000008
30,5,0.000204,-8.244192,-3.356693,-3.107275,-8.244114,-0.000078,-3.357281,0.000587,-3.107377,0.000102
30,6,0.000087,-8.244192,-3.356693,-3.107275,-8.244227,0.000035,-3.356922,0.000228,-3.107274,-0.000002
30,7,0.000051,-8.244192,-3.356693,-3.107275,-8.243968,-0.000224,-3.356884,0.000191,-3.107463,0.000188
30,8,-0.000061,-8.244192,-3.356693,-3.107275,-8.243982,-0.000210,-3.356673,-0.000020,-3.107322,0.000047
30,9,-0.000192,-8.244192,-3.356693,-3.107275,-8.243862,-0.000330,-3.356460,-0.000233,-3.107262,-0.000014
30,10,0.000370,-8.244192,-3.356693,-3.107275,-8.244102,-0.000091,-3.357602,0.000909,-3.107567,0.000292
30,11,-0.000032,-8.244192,-3.356693,-3.107275,-8.244017,-0.000175,-3.356630,-0.000064,-3.107419,0.000144
30,12,0.000117,-8.244192,-3.356693,-3.107275,-8.244338,0.000146,-3.356746,0.000053,-3.107427,0.000152
30,13,-0.000202,-8.244192,-3.356693,-3.107275,-8.243328,-0.000864,-3.357078,0.000385,-3.107150,-0.000126
30,14,0.000037,-8.244192,-3.356693,-3.107275,-8.244131,-0.000061,-3.356866,0.000173,-3.107274,-0.000001
30,15,0.000142,-8.244192,-3.356693,-3.107275,-8.243891,-0.000301,-3.357344,0.000650,-3.107354,0.000078
30,16,-0.000102,-8.244192,-3.356693,-3.107275,-8.243899,-0.000293,-3.356736,0.000043,-3.107219,-0.000057
30,17,0.000229,-8.244192,-3.356693,-3.107275,-8.244541,0.000349,-3.356895,0.000202,-3.107411,0.000135
30,18,-0.000031,-8.244192,-3.356693,-3.107275,-8.244309,0.000117,-3.356444,-0.000250,-3.107315,0.000039
30,19,0.000348,-8.244192,-3.356693,-3.107275,-8.245968,0.001776,-3.356019,-0.000674,-3.107219,-0.000057
31,0,-0.000465,-8.244192,-3.356693,-3.107275,-8.242742,-0.001451,-3.357190,0.000497,-3.106833,-0.000443
31,1,0.000428,-8.244192,-3.356693,-3.107275,-8.244713,0.000521,-3.357444,0.000751,-3.107290,0.000014
31,2,-0.000198,-8.244192,-3.356693,-3.107275,-8.243748,-0.000444,-3.356572,-0.000122,-3.107247,-0.000028
31,3,0.000227,-8.244192,-3.356693,-3.107275,-8.244756,0.000564,-3.357028,0.000335,-3.107059,-0.000216
31,4,0.001045,-8.244192,-3.356693,-3.107275,-8.246195,0.002003,-3.357680,0.000986,-3.107423,0.000147
31,5,0.000095,-8.244192,-3.356693,-3.107275,-8.244140,-0.000052,-3.356956,0.000263,-3.107350,0.000074
31,6,0.000264,-8.244192,-3.356693,-3.107275,-8.245267,0.001075,-3.356516,-0.000177,-3.107170,-0.000105
31,7,0.000645,-8.244192,-3.356693,-3.107275,-8.244439,0.000247,-3.358977,0.002284,-3.106681,-0.000594
31,8,0.000407,-8.244192,-3.356693,-3.107275,-8.245262,0.001070,-3.356980,0.000287,-3.107140,-0.000136
31,9,-0.000017,-8.244192,-3.356693,-3.107275,-8.243285,-0.000907,-3.357373,0.000680,-3.107451,0.000175
31,10,0.001688,-8.244192,-3.356693,-3.107275,-8.247032,0.002840,-3.358729,0.002035,-3.107465,0.000189
31,11,0.000356,-8.244192,-3.356693,-3.107275,-8.244747,0.000555,-3.358270,0.001577,-3.106210,-0.001065
31,12,0.000823,-8.244192,-3.356693,-3.107275,-8.244750,0.000558,-3.358153,0.001460,-3.107728,0.000453
31,13,0.000484,-8.244192,-3.356693,-3.107275,-8.243828,-0.000364,-3.357336,0.000643,-3.108449,0.001173
31,14,-0.000209,-8.244192,-3.356693,-3.107275,-8.244354,0.000162,-3.356103,-0.000590,-3.107075,-0.000200
31,15,0.000534,-8.244192,-3.356693,-3.107275,-8.245607,0.001415,-3.357053,0.000360,-3.107101,-0.000175
31,16,-0.000110,-8.244192,-3.356693,-3.107275,-8.244112,-0.000080,-3.356777,0.000084,-3.106942,-0.000333
31,17,0.000487,-8.244192,-3.356693,-3.107275,-8.244824,0.000632,-3.357068,0.000375,-3.107729,0.000453
31,18,0.000781,-8.244192,-3.356693,-3.107275,-8.244568,0.000376,-3.357160,0.000466,-3.108776,0.001500
31,19,0.000251,-8.244192,-3.356693,-3.107275,-8.243979,-0.000213,-3.357556,0.000862,-3.107378,0.000103
32,0,0.001335,-8.244192,-3.356693,-3.107275,-8.244562,0.000370,-3.360236,0.003543,-3.107368,0.000093
32,1,0.000241,-8.244192,-3.356693,-3.107275,-8.243797,-0.000395,-3.358319,0.001626,-3.106766,-0.000509
32,2,-0.000121,-8.244192,-3.356693,-3.107275,-8.243730,-0.000463,-3.356493,-0.000201,-3.107575,0.000299
32,3,-0.001420,-8.244192,-3.356693,-3.107275,-8.243077,-0.001115,-3.353499,-0.003194,-3.107325,0.000050
32,4,0.000750,-8.244192,-3.356693,-3.107275,-8.244831,0.000639,-3.358583,0.001889,-3.106997,-0.000278
32,5,0.000615,-8.244192,-3.356693,-3.107275,-8.241463,-0.002729,-3.360306,0.003612,-3.108238,0.000963
32,6,-0.000343,-8.244192,-3.356693,-3.107275,-8.244448,0.000256,-3.354740,-0.001953,-3.107944,0.000669
32,7,0.000323,-8.244192,-3.356693,-3.107275,-8.244650,0.000458,-3.358003,0.001310,-3.106476,-0.000800
32,8,-0.000648,-8.244192,-3.356693,-3.107275,-8.241584,-0.002608,-3.358797,0.002103,-3.105836,-0.001439
32,9,0.001407,-8.244192,-3.356693,-3.107275,-8.245147,0.000955,-3.359601,0.002908,-3.107635,0.000359
32,10,-0.001144,-8.244192,-3.356693,-3.107275,-8.239980,-0.004212,-3.356989,0.000295,-3.107761,0.000485
32,11,0.001540,-8.244192,-3.356693,-3.107275,-8.248351,0.004159,-3.357193,0.000500,-3.107238,-0.000038
32,12,0.001659,-8.244192,-3.356693,-3.107275,-8.242959,-0.001233,-3.362325,0.005631,-3.107854,0.000579
32,13,0.000719,-8.244192,-3.356693,-3.107275,-8.243277,-0.000916,-3.360465,0.003772,-3.106576,-0.000700
32,14,-0.000508,-8.244192,-3.356693,-3.107275,-8.239943,-0.004250,-3.358220,0.001527,-3.108474,0.001199
32,15,0.000525,-8.244192,-3.356693,-3.107275,-8.243204,-0.000988,-3.358518,0.001825,-3.108013,0.000737
32,16,0.002976,-8.244192,-3.356693,-3.107275,-8.251388,0.007195,-3.358211,0.001518,-3.107490,0.000214
32,17,-0.000509,-8.244192,-3.356693,-3.107275,-8.240828,-0.003365,-3.357403,0.000710,-3.108404,0.001129
32,18,-0.000052,-8.244192,-3.356693,-3.107275,-8.243259,-0.000933,-3.357449,0.000755,-3.107298,0.000023
32,19,-0.000520,-8.244192,-3.356693,-3.107275,-8.242949,-0.001243,-3.356319,-0.000374,-3.107334,0.000058
33,0,0.000220,-8.244192,-3.356693,-3.107275,-8.244834,0.000642,-3.356861,0.000168,-3.107126,-0.000150
33,1,-0.000043,-8.244192,-3.356693,-3.107275,-8.243159,-0.001033,-3.357558,0.000865,-3.107315,0.000040
33,2,0.000395,-8.244192,-3.356693,-3.107275,-8.244625,0.000433,-3.357612,0.000919,-3.107107,-0.000168
33,3,0.000225,-8.244192,-3.356693,-3.107275,-8.244862,0.000669,-3.356874,0.000180,-3.107100,-0.000176
33,4,-0.000480,-8.244192,-3.356693,-3.107275,-8.243007,-0.001185,-3.356307,-0.000386,-3.107408,0.000132
33,5,0.000237,-8.244192,-3.356693,-3.107275,-8.244946,0.000753,-3.356590,-0.000104,-3.107336,0.000060
33,6,-0.000026,-8.244192,-3.356693,-3.107275,-8.243038,-0.001154,-3.357120,0.000427,-3.107924,0.000649
33,7,0.000002,-8.244192,-3.356693,-3.107275,-8.244154,-0.000038,-3.357275,0.000582,-3.106738,-0.000537
33,8,-0.000031,-8.244192,-3.356693,-3.107275,-8.243673,-0.000519,-3.357159,0.000466,-3.107235,-0.000041
33,9,0.000346,-8.244192,-3.356693,-3.107275,-8.244768,0.000576,-3.357050,0.000357,-3.107381,0.000106
33,10,-0.000026,-8.244192,-3.356693,-3.107275,-8.244276,0.000084,-3.356489,-0.000205,-3.107319,0.000044
33,11,-0.000321,-8.244192,-3.356693,-3.107275,-8.242950,-0.001242,-3.357005,0.000312,-3.107242,-0.000033
33,12,0.000018,-8.244192,-3.356693,-3.107275,-8.243506,-0.000686,-3.357329,0.000635,-3.107381,0.000106
33,13,0.000889,-8.244192,-3.356693,-3.107275,-8.246049,0.001857,-3.356889,0.000196,-3.107889,0.000613
33,14,0.000508,-8.244192,-3.356693,-3.107275,-8.244113,-0.000079,-3.357260,0.000566,-3.108313,0.001037
33,15,-0.002300,-8.244192,-3.356693,-3.107275,-8.241077,-0.003115,-3.355639,-0.001055,-3.104546,-0.002730
33,16,0.000636,-8.244192,-3.356693,-3.107275,-8.245647,0.001455,-3.356962,0.000269,-3.107459,0.000183
33,17,0.000336,-8.244192,-3.356693,-3.107275,-8.244398,0.000206,-3.356953,0.000260,-3.107819,0.000544
33,18,-0.000965,-8.244192,-3.356693,-3.107275,-8.242355,-0.001837,-3.356908,0.000215,-3.106003,-0.001273
33,19,-0.000754,-8.244192,-3.356693,-3.107275,-8.242142,-0.002050,-3.356790,0.000097,-3.106966,-0.000309
34,0,-0.000007,-8.244192,-3.356693,-3.107275,-8.244690,0.000498,-3.356807,0.000113,-3.106643,-0.000633
34,1,0.000487,-8.244192,-3.356693,-3.107275,-8.245727,0.001534,-3.357192,0.000499,-3.106703,-0.000573
34,2,0.000668,-8.244192,-3.356693,-3.107275,-8.245898,0.001706,-3.357295,0.000602,-3.106973,-0.000303
34,3,0.001839,-8.244192,-3.356693,-3.107275,-8.244649,0.000457,-3.361638,0.004945,-3.107391,0.000115
34,4,0.000137,-8.244192,-3.356693,-3.107275,-8.245286,0.001094,-3.357266,0.000573,-3.106019,-0.001256
34,5,0.002733,-8.244192,-3.356693,-3.107275,-8.250160,0.005968,-3.358793,0.002100,-3.107406,0.000131
34,6,0.000233,-8.244192,-3.356693,-3.107275,-8.244626,0.000434,-3.357138,0.000445,-3.107094,-0.000181
34,7,0.002155,-8.244192,-3.356693,-3.107275,-8.248252,0.004060,-3.357977,0.001284,-3.108398,0.001123
34,8,0.000618,-8.244192,-3.356693,-3.107275,-8.245535,0.001343,-3.357933,0.001240,-3.106547,-0.000728
34,9,-0.000480,-8.244192,-3.356693,-3.107275,-8.244742,0.000550,-3.357164,0.000471,-3.104814,-0.002462
34,10,0.000122,-8.244192,-3.356693,-3.107275,-8.244535,0.000343,-3.357510,0.000817,-3.106481,-0.000795
34,11,0.000475,-8.244192,-3.356693,-3.107275,-8.245110,0.000917,-3.357424,0.000731,-3.107053,-0.000222
34,12,0.000242,-8.244192,-3.356693,-3.107275,-8.244637,0.000444,-3.357039,0.000346,-3.107210,-0.000066
34,13,-0.000308,-8.244192,-3.356693,-3.107275,-8.244322,0.000130,-3.356659,-0.000034,-3.106256,-0.001020
34,14,0.001125,-8.244192,-3.356693,-3.107275,-8.247708,0.003516,-3.357272,0.000579,-3.106556,-0.000719
34,15,0.000353,-8.244192,-3.356693,-3.107275,-8.244179,-0.000013,-3.357844,0.001151,-3.107198,-0.000078
34,16,-0.000136,-8.244192,-3.356693,-3.107275,-8.243736,-0.000456,-3.357059,0.000366,-3.106957,-0.000319
34,17,0.000410,-8.244192,-3.356693,-3.107275,-8.244790,0.000598,-3.357239,0.000546,-3.107361,0.000086
34,18,0.001309,-8.244192,-3.356693,-3.107275,-8.247448,0.003256,-3.358308,0.001614,-3.106333,-0.000942
34,19,0.000477,-8.244192,-3.356693,-3.107275,-8.245805,0.001613,-3.357158,0.000465,-3.106629,-0.000647
35,0,-0.000683,-8.244192,-3.356693,-3.107275,-8.247189,0.002996,-3.353469,-0.003224,-3.105454,-0.001822
35,1,0.000396,-8.244192,-3.356693,-3.107275,-8.247562,0.003370,-3.354868,-0.001825,-3.106919,-0.000357
35,2,-0.001390,-8.244192,-3.356693,-3.107275,-8.241694,-0.002498,-3.356285,-0.000408,-3.106011,-0.001265
35,3,-0.002075,-8.244192,-3.356693,-3.107275,-8.247805,0.003613,-3.354085,-0.002608,-3.100047,-0.007228
35,4,0.000091,-8.244192,-3.356693,-3.107275,-8.248712,0.004519,-3.356950,0.000257,-3.102771,-0.004505
35,5,0.001507,-8.244192,-3.356693,-3.107275,-8.250647,0.006454,-3.356870,0.000177,-3.105165,-0.002110
35,6,0.001365,-8.244192,-3.356693,-3.107275,-8.248290,0.004098,-3.360368,0.003675,-3.103597,-0.003678
35,7,-0.000559,-8.244192,-3.356693,-3.107275,-8.244644,0.000452,-3.355080,-0.001614,-3.106761,-0.000515
35,8,0.002431,-8.244192,-3.356693,-3.107275,-8.251923,0.007730,-3.359129,0.002436,-3.104402,-0.002873
35,9,-0.000087,-8.244192,-3.356693,-3.107275,-8.243076,-0.001116,-3.357108,0.000415,-3.107715,0.000440
35,10,0.000208,-8.244192,-3.356693,-3.107275,-8.246788,0.002596,-3.356313,-0.000381,-3.105685,-0.001590
35,11,-0.000033,-8.244192,-3.356693,-3.107275,-8.246939,0.002747,-3.355903,-0.000790,-3.105221,-0.002054
35,12,-0.000527,-8.244192,-3.356693,-3.107275,-8.243092,-0.001101,-3.354758,-0.001935,-3.108729,0.001454
35,13,-0.001507,-8.244192,-3.356693,-3.107275,-8.238166,-0.006026,-3.358542,0.001848,-3.106932,-0.000343
35,14,0.000472,-8.244192,-3.356693,-3.107275,-8.243903,-0.000289,-3.357821,0.001128,-3.107854,0.000578
35,15,0.003057,-8.244192,-3.356693,-3.107275,-8.249784,0.005591,-3.363192,0.006499,-3.104358,-0.002918
35,16,-0.001284,-8.244192,-3.356693,-3.107275,-8.242054,-0.002138,-3.359419,0.002726,-3.102835,-0.004441
35,17,-0.000017,-8.244192,-3.356693,-3.107275,-8.247763,0.003571,-3.356408,-0.000285,-3.103939,-0.003336
35,18,0.001420,-8.244192,-3.356693,-3.107275,-8.246286,0.002094,-3.356636,-0.000058,-3.109499,0.002223
35,19,0.000083,-8.244192,-3.356693,-3.107275,-8.244314,0.000122,-3.356229,-0.000464,-3.107866,0.000590
