layer,head,pattern_score,total_delta_nll,direct_delta_nll,indirect_delta_nll
0,0,0.16638199985027313,-0.0019890000112354755,0.0,-0.0019890000112354755
0,1,0.1892089992761612,-0.0034290000330656767,0.0,-0.0034290000330656767
0,2,0.15942400693893433,-0.0025229998864233494,0.0,-0.0025229998864233494
0,3,0.1297609955072403,0.0014120000414550304,0.0,0.0014120000414550304
0,4,0.14160199463367462,-0.004900000058114529,0.0,-0.004900000058114529
0,5,0.22412100434303284,-0.010483999736607075,0.0,-0.010483999736607075
0,6,0.16333000361919403,0.00012599999899975955,0.0,0.00012599999899975955
0,7,0.1715089976787567,-0.0003420000139158219,0.0,-0.0003420000139158219
0,8,0.15747100114822388,0.0006890000076964498,0.0,0.0006890000076964498
0,9,0.15222199261188507,0.0012829999905079603,0.0,0.0012829999905079603
0,10,0.16638199985027313,0.0020830000285059214,0.0,0.0020830000285059214
0,11,0.19799800217151642,-0.0029619999695569277,0.0,-0.0029619999695569277
0,12,0.21728500723838806,-0.007526000030338764,0.0,-0.007526000030338764
0,13,0.17395000159740448,-0.0019829999655485153,0.0,-0.0019829999655485153
0,14,0.1822510063648224,-0.0014819999923929572,0.0,-0.0014819999923929572
0,15,0.08953899890184402,-0.0011500000255182385,0.0,-0.0011500000255182385
0,16,0.18212899565696716,0.003911999985575676,0.0,0.003911999985575676
0,17,0.18810999393463135,-0.00025499999173916876,0.0,-0.00025499999173916876
0,18,0.16223099827766418,-0.001661999966017902,0.0,-0.001661999966017902
0,19,0.16918900609016418,-0.0002469999890308827,0.0,-0.0002469999890308827
1,0,0.13073700666427612,-0.0016009999671950936,0.0,-0.0016009999671950936
1,1,0.21423299610614777,-0.002828999888151884,0.0,-0.002828999888151884
1,2,0.023636000230908394,-0.0027280000504106283,0.0,-0.0027280000504106283
1,3,0.14270000159740448,-0.009607000276446342,0.0,-0.009607000276446342
1,4,0.06756599992513657,-8.70000003487803e-05,0.0,-8.70000003487803e-05
1,5,0.2469480037689209,-0.0007789999945089221,0.0,-0.0007789999945089221
1,6,0.15429699420928955,-0.01806199923157692,0.0,-0.01806199923157692
1,7,0.18481400609016418,-0.008674999698996544,0.0,-0.008674999698996544
1,8,0.1735839992761612,0.001155999954789877,0.0,0.001155999954789877
1,9,0.23022499680519104,-0.0010939999483525753,0.0,-0.0010939999483525753
1,10,0.10150100290775299,-0.0033909999765455723,0.0,-0.0033909999765455723
1,11,0.17382800579071045,0.003085999982431531,0.0,0.003085999982431531
1,12,0.12206999957561493,0.013930999673902988,0.0,0.013930999673902988
1,13,0.13879400491714478,-0.0023789999540895224,0.0,-0.0023789999540895224
1,14,0.25463899970054626,0.0008490000036545098,0.0,0.0008490000036545098
1,15,0.09912099689245224,-0.0006259999936446548,0.0,-0.0006259999936446548
1,16,0.1536870002746582,-0.0018579999450594187,0.0,-0.0018579999450594187
1,17,0.044036999344825745,0.0007479999912902713,0.0,0.0007479999912902713
1,18,0.12878400087356567,0.00010399999882793054,0.0,0.00010399999882793054
1,19,0.2856450080871582,0.0018139999592676759,0.0,0.0018139999592676759
2,0,0.13085900247097015,-0.0011070000473409891,0.0,-0.0011070000473409891
2,1,0.17065399885177612,-0.003321999916806817,0.0,-0.003321999916806817
2,2,0.11010699719190598,-0.002500999951735139,0.0,-0.002500999951735139
2,3,0.14477500319480896,-0.003722999943420291,0.0,-0.003722999943420291
2,4,0.14074699580669403,-0.0014100000262260437,0.0,-0.0014100000262260437
2,5,0.10083000361919403,-0.0013689999468624592,0.0,-0.0013689999468624592
2,6,0.16638199985027313,0.0010890000266954303,0.0,0.0010890000266954303
2,7,0.1323239952325821,0.0004670000053010881,0.0,0.0004670000053010881
2,8,0.1610109955072403,-0.004805999808013439,0.0,-0.004805999808013439
2,9,0.14563000202178955,0.0038880000356584787,0.0,0.0038880000356584787
2,10,0.16699199378490448,-0.0031510000117123127,0.0,-0.0031510000117123127
2,11,0.07311999797821045,0.002959999954327941,0.0,0.002959999954327941
2,12,0.160644993185997,-0.0006370000191964209,0.0,-0.0006370000191964209
2,13,0.08081100136041641,0.008930999785661697,0.0,0.008930999785661697
2,14,0.15734900534152985,-0.004681000020354986,0.0,-0.004681000020354986
2,15,0.15356400609016418,-0.006535999942570925,0.0,-0.006535999942570925
2,16,0.07141099870204926,0.003246000036597252,0.0,0.003246000036597252
2,17,0.1722410023212433,-0.00826600007712841,0.0,-0.00826600007712841
2,18,0.07476799935102463,0.00035200000274926424,0.0,0.00035200000274926424
2,19,0.1163330003619194,-0.005477000027894974,0.0,-0.005477000027894974
3,0,0.13073700666427612,0.016013000160455704,0.0,0.016013000160455704
3,1,0.18115200102329254,0.003421999979764223,0.0,0.003421999979764223
3,2,0.10211200267076492,-0.006819999776780605,0.0,-0.006819999776780605
3,3,0.2009280025959015,0.005468999966979027,0.0,0.005468999966979027
3,4,0.14074699580669403,-0.0005840000230818987,0.0,-0.0005840000230818987
3,5,0.13708500564098358,1.1000000085914508e-05,0.0,1.1000000085914508e-05
3,6,0.11102300137281418,0.031615000218153,0.0,0.031615000218153
3,7,0.11737100034952164,-0.010250000283122063,0.0,-0.010250000283122063
3,8,0.28271499276161194,-0.0014570000348612666,0.0,-0.0014570000348612666
3,9,0.15331999957561493,0.0007210000185295939,0.0,0.0007210000185295939
3,10,0.11773700267076492,0.01424499973654747,0.0,0.01424499973654747
3,11,0.16552700102329254,-0.0010550000006332994,0.0,-0.0010550000006332994
3,12,0.12853999435901642,0.058713000267744064,0.0,0.058713000267744064
3,13,0.1501459926366806,-0.0016220000106841326,0.0,-0.0016220000106841326
3,14,0.1501459926366806,-4.999999873689376e-06,0.0,-4.999999873689376e-06
3,15,0.167603000998497,0.0008720000041648746,0.0,0.0008720000041648746
3,16,0.09863299876451492,0.04968399927020073,0.0,0.04968399927020073
3,17,0.1428219974040985,0.002848000032827258,0.0,0.002848000032827258
3,18,0.1315920054912567,0.0014830000000074506,0.0,0.0014830000000074506
3,19,0.15393100678920746,0.0011350000277161598,0.0,0.0011350000277161598
4,0,0.32617199420928955,-0.016090000048279762,0.0,-0.016090000048279762
4,1,0.21581999957561493,-0.009309000335633755,0.0,-0.009309000335633755
4,2,0.36303699016571045,-0.018691999837756157,0.0,-0.018691999837756157
4,3,0.19824199378490448,-0.0036299999337643385,0.0,-0.0036299999337643385
4,4,0.21032699942588806,-0.014322999864816666,0.0,-0.014322999864816666
4,5,0.1679690033197403,-0.014866000041365623,0.0,-0.014866000041365623
4,6,0.1492920070886612,-0.007143999915570021,0.0,-0.007143999915570021
4,7,0.23083500564098358,-0.003728999989107251,0.0,-0.003728999989107251
4,8,0.2122800052165985,-0.0005239999736659229,0.0,-0.0005239999736659229
4,9,0.14428700506687164,-0.006231000181287527,0.0,-0.006231000181287527
4,10,0.25927698612213135,-0.01205500029027462,0.0,-0.01205500029027462
4,11,0.18420399725437164,-0.013105999678373337,0.0,-0.013105999678373337
4,12,0.10351599752902985,0.004424999933689833,0.0,0.004424999933689833
4,13,0.3481450080871582,-0.016092000529170036,0.0,-0.016092000529170036
4,14,0.19592300057411194,-0.010859999805688858,0.0,-0.010859999805688858
4,15,0.10247799754142761,-0.002767999889329076,0.0,-0.002767999889329076
4,16,0.14172400534152985,0.004945999942719936,0.0,0.004945999942719936
4,17,0.245728000998497,-0.020258000120520592,0.0,-0.020258000120520592
4,18,0.08966100215911865,0.0003420000139158219,0.0,0.0003420000139158219
4,19,0.22583000361919403,-0.013662000186741352,0.0,-0.013662000186741352
5,0,0.17810100317001343,0.00045900000259280205,0.0,0.00045900000259280205
5,1,0.4365229904651642,0.007930000312626362,0.0,0.007930000312626362
5,2,0.1319579929113388,-0.0006479999865405262,0.0,-0.0006479999865405262
5,3,0.7519530057907104,0.0018269999418407679,0.0,0.0018269999418407679
5,4,0.11047399789094925,0.006436000112444162,0.0,0.006436000112444162
5,5,0.1593019962310791,-0.004538999870419502,0.0,-0.004538999870419502
5,6,0.2617189884185791,0.00019500000053085387,0.0,0.00019500000053085387
5,7,0.15856899321079254,0.00762300007045269,0.0,0.00762300007045269
5,8,0.22924800217151642,-0.0006510000093840063,0.0,-0.0006510000093840063
5,9,0.06756599992513657,0.02686000056564808,0.0,0.02686000056564808
5,10,0.1375730037689209,-0.000846999988425523,0.0,-0.000846999988425523
5,11,0.2524409890174866,0.008449999615550041,0.0,0.008449999615550041
5,12,0.33276399970054626,-0.0034169999416917562,0.0,-0.0034169999416917562
5,13,0.26586899161338806,-0.003148999996483326,0.0,-0.003148999996483326
5,14,0.17932100594043732,0.0019710001070052385,0.0,0.0019710001070052385
5,15,0.2976070046424866,0.012993999756872654,0.0,0.012993999756872654
5,16,0.09179700165987015,0.01358100026845932,0.0,0.01358100026845932
5,17,0.19799800217151642,-0.013340000063180923,0.0,-0.013340000063180923
5,18,0.40771499276161194,-0.024173999205231667,0.0,-0.024173999205231667
5,19,0.1857910007238388,0.003019999945536256,0.0,0.003019999945536256
6,0,0.32446300983428955,0.007275000214576721,0.0,0.007275000214576721
6,1,0.7700200080871582,-0.005456999875605106,0.0,-0.005456999875605106
6,2,0.9155269861221313,-0.007652000058442354,0.0,-0.007652000058442354
6,3,0.42553699016571045,0.06077500060200691,0.0,0.06077500060200691
6,4,0.3349609971046448,0.030724000185728073,0.0,0.030724000185728073
6,5,0.33837899565696716,0.004004999995231628,0.0,0.004004999995231628
6,6,0.2861329913139343,0.017110999673604965,0.0,0.017110999673604965
6,7,0.3510740101337433,-0.0009970000246539712,0.0,-0.0009970000246539712
6,8,0.22839400172233582,0.04703899845480919,0.0,0.04703899845480919
6,9,0.3354490101337433,-0.002607000060379505,0.0,-0.002607000060379505
6,10,0.484375,-0.009349999949336052,0.0,-0.009349999949336052
6,11,0.9145510196685791,0.0032939999364316463,0.0,0.0032939999364316463
6,12,0.10815399885177612,0.0044200001284480095,0.0,0.0044200001284480095
6,13,0.42651399970054626,-0.00813400000333786,0.0,-0.00813400000333786
6,14,0.35180699825286865,0.0049959998577833176,0.0,0.0049959998577833176
6,15,0.7504879832267761,0.005905000027269125,0.0,0.005905000027269125
6,16,0.17602500319480896,0.002652999944984913,0.0,0.002652999944984913
6,17,0.1392820030450821,0.0005680000176653266,0.0,0.0005680000176653266
6,18,0.23681600391864777,0.0024679999332875013,0.0,0.0024679999332875013
6,19,0.1198119968175888,0.009796000085771084,0.0,0.009796000085771084
7,0,0.1523440033197403,0.003782999934628606,0.0,0.003782999934628606
7,1,0.4851070046424866,0.037064000964164734,0.0,0.037064000964164734
7,2,0.4201659858226776,-0.010873000137507915,0.0,-0.010873000137507915
7,3,0.0989380031824112,-0.00028300000121816993,0.0,-0.00028300000121816993
7,4,0.24206499755382538,0.05013500154018402,0.0,0.05013500154018402
7,5,0.12780800461769104,-0.007176999934017658,0.0,-0.007176999934017658
7,6,0.24804699420928955,-0.014016999863088131,0.0,-0.014016999863088131
7,7,0.2934570014476776,0.005125000141561031,0.0,0.005125000141561031
7,8,0.07379200309515,-0.009902999736368656,0.0,-0.009902999736368656
7,9,0.16833500564098358,0.036848001182079315,0.0,0.036848001182079315
7,10,0.14184600114822388,0.007703999988734722,0.0,0.007703999988734722
7,11,0.38354501128196716,0.008639000356197357,0.0,0.008639000356197357
7,12,0.08142100274562836,0.006134000141173601,0.0,0.006134000141173601
7,13,0.08990500122308731,0.014818999916315079,0.0,0.014818999916315079
7,14,0.1944579929113388,-0.014290000312030315,0.0,-0.014290000312030315
7,15,0.07665999978780746,-0.04809499904513359,0.0,-0.04809499904513359
7,16,0.24890099465847015,0.021097000688314438,0.0,0.021097000688314438
7,17,0.07580599933862686,-0.16522400081157684,0.0,-0.16522400081157684
7,18,0.2260739952325821,-0.007304999977350235,0.0,-0.007304999977350235
7,19,0.23388700187206268,0.009596000425517559,0.0,0.009596000425517559
8,0,0.17419399321079254,0.004000000189989805,0.0,0.004000000189989805
8,1,0.15978999435901642,0.02493399940431118,0.0,0.02493399940431118
8,2,0.11346399784088135,0.004720000084489584,0.0,0.004720000084489584
8,3,0.1462399959564209,0.011970999650657177,0.0,0.011970999650657177
8,4,0.2121579945087433,0.009189000353217125,0.0,0.009189000353217125
8,5,0.11572299897670746,0.036740001291036606,0.0,0.036740001291036606
8,6,0.11816400289535522,0.017338000237941742,0.0,0.017338000237941742
8,7,0.09216299653053284,0.002343999920412898,0.0,0.002343999920412898
8,8,0.10705599933862686,-5.0999999075429514e-05,0.0,-5.0999999075429514e-05
8,9,0.6118159890174866,-0.032930001616477966,0.0,-0.032930001616477966
8,10,0.1232910007238388,0.007703999988734722,0.0,0.007703999988734722
8,11,0.17041000723838806,-0.002524999901652336,0.0,-0.002524999901652336
8,12,0.22631800174713135,0.00916299968957901,0.0,0.00916299968957901
8,13,0.26098600029945374,0.00851999968290329,0.0,0.00851999968290329
8,14,0.1328119933605194,-0.0013160000089555979,0.0,-0.0013160000089555979
8,15,0.14526399970054626,0.01157000008970499,0.0,0.01157000008970499
8,16,0.17602500319480896,0.012275000102818012,0.0,0.012275000102818012
8,17,0.13610799610614777,0.008917000144720078,0.0,0.008917000144720078
8,18,0.14953599870204926,0.04545599967241287,0.0,0.04545599967241287
8,19,0.1289059966802597,-0.020270999521017075,0.0,-0.020270999521017075
9,0,0.09625200182199478,-0.0015369999455288053,0.0,-0.0015369999455288053
9,1,0.07653799653053284,0.0001429999974789098,0.0,0.0001429999974789098
9,2,0.04699699953198433,-0.00015799999528098851,0.0,-0.00015799999528098851
9,3,0.07037399709224701,7.000000186963007e-05,0.0,7.000000186963007e-05
9,4,0.10687299817800522,-0.000645000021904707,0.0,-0.000645000021904707
9,5,0.0811770036816597,0.0004980000085197389,0.0,0.0004980000085197389
9,6,0.160521999001503,-0.00020300000323913991,0.0,-0.00020300000323913991
9,7,0.14648400247097015,0.00014099999680183828,0.0,0.00014099999680183828
9,8,0.12292499840259552,-0.0021059999708086252,0.0,-0.0021059999708086252
9,9,0.09411600232124329,0.0,0.0,0.0
9,10,0.10357700288295746,-0.0015439999988302588,0.0,-0.0015439999988302588
9,11,0.08154299855232239,-0.0047240001149475574,0.0,-0.0047240001149475574
9,12,0.14245599508285522,0.0015069999499246478,0.0,0.0015069999499246478
9,13,0.08874499797821045,0.0009159999899566174,0.0,0.0009159999899566174
9,14,0.09863299876451492,-0.0007859999896027148,0.0,-0.0007859999896027148
9,15,0.13854999840259552,0.0006699999794363976,0.0,0.0006699999794363976
9,16,0.17260700464248657,0.0008740000193938613,0.0,0.0008740000193938613
9,17,0.0998539999127388,-0.0019970000721514225,0.0,-0.0019970000721514225
9,18,0.1049799993634224,0.0004830000107176602,0.0,0.0004830000107176602
9,19,0.1163330003619194,-0.00045200000749900937,0.0,-0.00045200000749900937
10,0,0.17211900651454926,0.0030539999715983868,0.0,0.0030539999715983868
10,1,0.17858900129795074,0.01015899982303381,0.0,0.01015899982303381
10,2,0.16198700666427612,-0.00011700000322889537,0.0,-0.00011700000322889537
10,3,0.16894499957561493,-0.0004020000051241368,0.0,-0.0004020000051241368
10,4,0.17370599508285522,4.199999966658652e-05,0.0,4.199999966658652e-05
10,5,0.2819820046424866,-0.018671000376343727,0.0,-0.018671000376343727
10,6,0.12316899746656418,-0.0004560000088531524,0.0,-0.0004560000088531524
10,7,0.17456099390983582,-0.004441000055521727,0.0,-0.004441000055521727
10,8,0.24731400609016418,-0.006953999865800142,0.0,-0.006953999865800142
10,9,0.17138700187206268,0.003582000033929944,0.0,0.003582000033929944
10,10,0.1666260063648224,-0.0017219999572262168,0.0,-0.0017219999572262168
10,11,0.19506800174713135,-0.006082000210881233,0.0,-0.006082000210881233
10,12,0.09674099832773209,-0.002355000004172325,0.0,-0.002355000004172325
10,13,0.1579589992761612,-0.01312199980020523,0.0,-0.01312199980020523
10,14,0.09484899789094925,-0.003967000171542168,0.0,-0.003967000171542168
10,15,0.18456999957561493,-0.001193000003695488,0.0,-0.001193000003695488
10,16,0.13220199942588806,-0.00829899962991476,0.0,-0.00829899962991476
10,17,0.28100600838661194,0.0010649999603629112,0.0,0.0010649999603629112
10,18,0.16369600594043732,-8.900000102585182e-05,0.0,-8.900000102585182e-05
10,19,0.2512210011482239,-0.0007539999787695706,0.0,-0.0007539999787695706
11,0,0.2017820030450821,0.01004599966108799,0.0,0.01004599966108799
11,1,0.11041299998760223,0.025469999760389328,0.0,0.025469999760389328
11,2,0.3659670054912567,0.010572999715805054,0.0,0.010572999715805054
11,3,0.18127399682998657,0.045350998640060425,0.0,0.045350998640060425
11,4,0.08709699660539627,-0.0024790000170469284,0.0,-0.0024790000170469284
11,5,0.19030800461769104,-0.02729799970984459,0.0,-0.02729799970984459
11,6,0.17077599465847015,0.0173799991607666,0.0,0.0173799991607666
11,7,0.21130399405956268,0.014368999749422073,0.0,0.014368999749422073
11,8,0.2304690033197403,0.002976000076159835,0.0,0.002976000076159835
11,9,0.2722170054912567,-0.016207000240683556,0.0,-0.016207000240683556
11,10,0.15295399725437164,0.00572500005364418,0.0,0.00572500005364418
11,11,0.5024409890174866,-0.011586000211536884,0.0,-0.011586000211536884
11,12,0.20373499393463135,-0.015816999599337578,0.0,-0.015816999599337578
11,13,0.17431600391864777,0.002612000098451972,0.0,0.002612000098451972
11,14,0.11822500079870224,-0.011044000275433064,0.0,-0.011044000275433064
11,15,0.3637700080871582,0.024150999262928963,0.0,0.024150999262928963
11,16,0.18237300217151642,0.006459000054746866,0.0,0.006459000054746866
11,17,0.136230006814003,-0.0031049998942762613,0.0,-0.0031049998942762613
11,18,0.1983640044927597,-0.0039369999431073666,0.0,-0.0039369999431073666
11,19,0.24719199538230896,0.06280899792909622,0.0,0.06280899792909622
12,0,0.08880600333213806,-0.0027799999807029963,0.0,-0.0027799999807029963
12,1,0.11157199740409851,-0.004097000230103731,0.0,-0.004097000230103731
12,2,0.09905999898910522,0.006577000021934509,0.0,0.006577000021934509
12,3,0.13391099870204926,-0.0035550000611692667,0.0,-0.0035550000611692667
12,4,0.14343300461769104,-0.0052269999869167805,0.0,-0.0052269999869167805
12,5,0.10272199660539627,-0.0028490000404417515,0.0,-0.0028490000404417515
12,6,0.11614999920129776,0.03315899893641472,0.0,0.03315899893641472
12,7,0.12225300073623657,0.08396399766206741,0.0,0.08396399766206741
12,8,0.08361800014972687,0.005597999785095453,0.0,0.005597999785095453
12,9,0.07623299956321716,-0.007666000165045261,0.0,-0.007666000165045261
12,10,0.10821499675512314,0.01206700038164854,0.0,0.01206700038164854
12,11,0.12390100210905075,0.002443999983370304,0.0,0.002443999983370304
12,12,0.12609900534152985,-0.0030739998910576105,0.0,-0.0030739998910576105
12,13,0.08746299892663956,0.014193999581038952,0.0,0.014193999581038952
12,14,0.15527300536632538,-0.0017500000540167093,0.0,-0.0017500000540167093
12,15,0.07214400172233582,0.007926000282168388,0.0,0.007926000282168388
12,16,0.10504200309515,0.0015310000162571669,0.0,0.0015310000162571669
12,17,0.08966100215911865,0.002242000075057149,0.0,0.002242000075057149
12,18,0.1188960000872612,-0.0005290000117383897,0.0,-0.0005290000117383897
12,19,0.14013700187206268,0.005522000137716532,0.0,0.005522000137716532
13,0,0.12377899885177612,0.007482999935746193,0.0,0.007482999935746193
13,1,0.055663999170064926,0.008148999884724617,0.0,0.008148999884724617
13,2,0.109375,0.0070779998786747456,0.0,0.0070779998786747456
13,3,0.1089479997754097,-0.001218999968841672,0.0,-0.001218999968841672
13,4,0.1905519962310791,-0.004178999923169613,0.0,-0.004178999923169613
13,5,0.14355500042438507,0.00018699999782256782,0.0,0.00018699999782256782
13,6,0.1145630031824112,0.0010710000060498714,0.0,0.0010710000060498714
13,7,0.1732179969549179,0.03830999881029129,0.0,0.03830999881029129
13,8,0.13354499638080597,-0.0007689999765716493,0.0,-0.0007689999765716493
13,9,0.09783899784088135,0.017444999888539314,0.0,0.017444999888539314
13,10,0.13989299535751343,0.00635599996894598,0.0,0.00635599996894598
13,11,0.14013700187206268,0.0005849999724887311,0.0,0.0005849999724887311
13,12,0.18212899565696716,0.0015569999814033508,0.0,0.0015569999814033508
13,13,0.1333010047674179,0.00535399978980422,0.0,0.00535399978980422
13,14,0.10553000122308731,-0.0008089999901130795,0.0,-0.0008089999901130795
13,15,0.1263429969549179,-0.0009640000062063336,0.0,-0.0009640000062063336
13,16,0.08447299897670746,-0.003447999944910407,0.0,-0.003447999944910407
13,17,0.09753400087356567,0.002032000105828047,0.0,0.002032000105828047
13,18,0.07336399704217911,-0.0010900000343099236,0.0,-0.0010900000343099236
13,19,0.09600800275802612,-0.0015020000282675028,0.0,-0.0015020000282675028
14,0,0.20886200666427612,0.00076299998909235,0.0,0.00076299998909235
14,1,0.17028799653053284,0.0001849999971454963,0.0,0.0001849999971454963
14,2,0.16113300621509552,0.0020860000513494015,0.0,0.0020860000513494015
14,3,0.20300300419330597,-0.0012260000221431255,0.0,-0.0012260000221431255
14,4,0.14575199782848358,0.003163000103086233,0.0,0.003163000103086233
14,5,0.21325699985027313,-0.0006000000284984708,0.0,-0.0006000000284984708
14,6,0.21801799535751343,-0.0021329999435693026,0.0,-0.0021329999435693026
14,7,0.18469199538230896,0.001025000005029142,0.0,0.001025000005029142
14,8,0.1766359955072403,0.006029999814927578,0.0,0.006029999814927578
14,9,0.14331099390983582,-0.002492999890819192,0.0,-0.002492999890819192
14,10,0.2139890044927597,0.009138000197708607,0.0,0.009138000197708607
14,11,0.2277829945087433,-0.001905999961309135,0.0,-0.001905999961309135
14,12,0.18737800419330597,0.005400000140070915,0.0,0.005400000140070915
14,13,0.20861800014972687,0.0022169998846948147,0.0,0.0022169998846948147
14,14,0.1715089976787567,-0.0009319999953731894,0.0,-0.0009319999953731894
14,15,0.2529299855232239,0.0014059999957680702,0.0,0.0014059999957680702
14,16,0.15783700346946716,0.0006389999762177467,0.0,0.0006389999762177467
14,17,0.13049300014972687,-0.0010629999451339245,0.0,-0.0010629999451339245
14,18,0.06982400268316269,0.0008009999874047935,0.0,0.0008009999874047935
14,19,0.17211900651454926,0.00240899994969368,0.0,0.00240899994969368
15,0,0.1280519962310791,0.0027030000928789377,0.0,0.0027030000928789377
15,1,0.25195300579071045,0.0011210000375285745,0.0,0.0011210000375285745
15,2,0.11175499856472015,-6.800000119255856e-05,0.0,-6.800000119255856e-05
15,3,0.17297400534152985,0.0003490000090096146,0.0,0.0003490000090096146
15,4,0.0846560001373291,0.0019039999460801482,0.0,0.0019039999460801482
15,5,0.22631800174713135,0.0025710000190883875,0.0,0.0025710000190883875
15,6,0.08654800057411194,0.00017699999443721026,0.0,0.00017699999443721026
15,7,0.15698200464248657,0.0013500000350177288,0.0,0.0013500000350177288
15,8,0.14050300419330597,0.0008999999845400453,0.0,0.0008999999845400453
15,9,0.18481400609016418,-7.400000322377309e-05,0.0,-7.400000322377309e-05
15,10,0.1614989936351776,0.0015290000010281801,0.0,0.0015290000010281801
15,11,0.0555419996380806,0.000957000011112541,0.0,0.000957000011112541
15,12,0.10577400028705597,0.0010179999517276883,0.0,0.0010179999517276883
15,13,0.10626199841499329,-3.300000025774352e-05,0.0,-3.300000025774352e-05
15,14,0.1779790073633194,0.0001230000052601099,0.0,0.0001230000052601099
15,15,0.22839400172233582,0.0010369999799877405,0.0,0.0010369999799877405
15,16,0.22277800738811493,-0.00011500000255182385,0.0,-0.00011500000255182385
15,17,0.10620100051164627,-0.0005019999807700515,0.0,-0.0005019999807700515
15,18,0.12078899890184402,-0.00019999999494757503,0.0,-0.00019999999494757503
15,19,0.2517090141773224,9.500000305706635e-05,0.0,9.500000305706635e-05
16,0,0.1176149994134903,0.002194999950006604,0.0,0.002194999950006604
16,1,0.0872189998626709,0.004747999832034111,0.0,0.004747999832034111
16,2,0.09051500260829926,0.00023200000578071922,0.0,0.00023200000578071922
16,3,0.18164099752902985,0.0018269999418407679,0.0,0.0018269999418407679
16,4,0.16686999797821045,0.0020310000982135534,0.0,0.0020310000982135534
16,5,0.14379900693893433,0.0024790000170469284,0.0,0.0024790000170469284
16,6,0.25463899970054626,0.0036949999630451202,0.0,0.0036949999630451202
16,7,0.11059600114822388,0.0002899999963119626,0.0,0.0002899999963119626
16,8,0.17724600434303284,0.0013360000448301435,0.0,0.0013360000448301435
16,9,0.12371800094842911,0.0022819999139755964,0.0,0.0022819999139755964
16,10,0.14123499393463135,4.099999932805076e-05,0.0,4.099999932805076e-05
16,11,0.10076899826526642,0.004000000189989805,0.0,0.004000000189989805
16,12,0.2131350040435791,0.0017610000213608146,0.0,0.0017610000213608146
16,13,0.12878400087356567,0.0023330000694841146,0.0,0.0023330000694841146
16,14,0.2421880066394806,0.004288999829441309,0.0,0.004288999829441309
16,15,0.09948699921369553,0.0025049999821931124,0.0,0.0025049999821931124
16,16,0.26586899161338806,0.003452999982982874,0.0,0.003452999982982874
16,17,0.1558839976787567,0.008061000145971775,0.0,0.008061000145971775
16,18,0.1340329945087433,0.0021830000914633274,0.0,0.0021830000914633274
16,19,0.10717800259590149,0.008458999916911125,0.0,0.008458999916911125
17,0,0.10809300094842911,0.00368200009688735,0.0,0.00368200009688735
17,1,0.1652829945087433,-0.0027799999807029963,0.0,-0.0027799999807029963
17,2,0.1423339992761612,-0.0001230000052601099,0.0,-0.0001230000052601099
17,3,0.1414790004491806,-0.0006360000115819275,0.0,-0.0006360000115819275
17,4,0.1635739952325821,-0.005927999969571829,0.0,-0.005927999969571829
17,5,0.14306600391864777,0.002669000066816807,0.0,0.002669000066816807
17,6,0.09612999856472015,-8.199999865610152e-05,0.0,-8.199999865610152e-05
17,7,0.17468300461769104,-0.0012080000014975667,0.0,-0.0012080000014975667
17,8,0.1549070030450821,-0.0018739999504759908,0.0,-0.0018739999504759908
17,9,0.11114499717950821,-0.0026259999722242355,0.0,-0.0026259999722242355
17,10,0.13134799897670746,-0.0011269999668002129,0.0,-0.0011269999668002129
17,11,0.1392820030450821,-0.0010100000072270632,0.0,-0.0010100000072270632
17,12,0.17956499755382538,-0.0004220000118948519,0.0,-0.0004220000118948519
17,13,0.18200699985027313,-0.00037900000461377203,0.0,-0.00037900000461377203
17,14,0.15551799535751343,-0.00037399999564513564,0.0,-0.00037399999564513564
17,15,0.1297609955072403,-0.0008980000275187194,0.0,-0.0008980000275187194
17,16,0.09863299876451492,0.0016870000399649143,0.0,0.0016870000399649143
17,17,0.15515099465847015,-0.0006760000251233578,0.0,-0.0006760000251233578
17,18,0.16735799610614777,0.0002229999954579398,0.0,0.0002229999954579398
17,19,0.20214800536632538,-0.0005600000149570405,0.0,-0.0005600000149570405
18,0,0.1380620002746582,0.0005920000257901847,0.0,0.0005920000257901847
18,1,0.18286100029945374,-0.00013299999409355223,0.0,-0.00013299999409355223
18,2,0.07141099870204926,0.0005549999768845737,0.0,0.0005549999768845737
18,3,0.14013700187206268,0.0007070000283420086,0.0,0.0007070000283420086
18,4,0.1531980037689209,7.500000356230885e-05,0.0,7.500000356230885e-05
18,5,0.08038300275802612,2.9000000722589903e-05,0.0,2.9000000722589903e-05
18,6,0.3212890028953552,0.0002690000110305846,0.0,0.0002690000110305846
18,7,0.08697500079870224,-9.100000170292333e-05,0.0,-9.100000170292333e-05
18,8,0.17517100274562836,-0.00010599999950500205,0.0,-0.00010599999950500205
18,9,0.23156699538230896,-0.00030700000934302807,0.0,-0.00030700000934302807
18,10,0.10607899725437164,0.0003110000106971711,0.0,0.0003110000106971711
18,11,0.1428219974040985,-0.00021399999968707561,0.0,-0.00021399999968707561
18,12,0.12493900209665298,0.000522000016644597,0.0,0.000522000016644597
18,13,0.07806400209665298,9.40000027185306e-05,0.0,9.40000027185306e-05
18,14,0.13208000361919403,-0.00034100000630132854,0.0,-0.00034100000630132854
18,15,0.10394299775362015,2.5999999706982635e-05,0.0,2.5999999706982635e-05
18,16,0.1049799993634224,0.00011500000255182385,0.0,0.00011500000255182385
18,17,0.167480006814003,0.00024500000290572643,0.0,0.00024500000290572643
18,18,0.2056879997253418,0.0003380000125616789,0.0,0.0003380000125616789
18,19,0.11389199644327164,0.00017499999376013875,0.0,0.00017499999376013875
19,0,0.07153300195932388,0.0003929999948013574,0.0,0.0003929999948013574
19,1,0.07141099870204926,0.0007309999782592058,0.0,0.0007309999782592058
19,2,0.12377899885177612,0.0009480000007897615,0.0,0.0009480000007897615
19,3,0.21923799812793732,0.0081599997356534,0.0,0.0081599997356534
19,4,0.07141099870204926,0.0013849999522790313,0.0,0.0013849999522790313
19,5,0.1414790004491806,0.000311999989207834,0.0,0.000311999989207834
19,6,0.1749269962310791,0.0007050000131130219,0.0,0.0007050000131130219
19,7,0.07311999797821045,0.0004140000091865659,0.0,0.0004140000091865659
19,8,0.0750729963183403,0.00038899999344721437,0.0,0.00038899999344721437
19,9,0.049254998564720154,0.0010580000234767795,0.0,0.0010580000234767795
19,10,0.12866200506687164,0.0005879999953322113,0.0,0.0005879999953322113
19,11,0.21166999638080597,0.000994000001810491,0.0,0.000994000001810491
19,12,0.21411100029945374,0.0012730000307783484,0.0,0.0012730000307783484
19,13,0.151855006814003,0.0006339999963529408,0.0,0.0006339999963529408
19,14,0.07141099870204926,0.00044299999717622995,0.0,0.00044299999717622995
19,15,0.07141099870204926,0.009983000345528126,0.0,0.009983000345528126
19,16,0.07141099870204926,0.0011409999569877982,0.0,0.0011409999569877982
19,17,0.07141099870204926,0.001155999954789877,0.0,0.001155999954789877
19,18,0.07141099870204926,0.001560000004246831,0.0,0.001560000004246831
19,19,0.16601599752902985,0.002767000114545226,0.0,0.002767000114545226
20,0,0.11425799876451492,6.199999916134402e-05,0.0,6.199999916134402e-05
20,1,0.10290499776601791,1.4000000192027073e-05,0.0,1.4000000192027073e-05
20,2,0.15673799812793732,6.000000212225132e-06,0.0,6.000000212225132e-06
20,3,0.18481400609016418,1.4000000192027073e-05,0.0,1.4000000192027073e-05
20,4,0.11584500223398209,1.9999999949504854e-06,0.0,1.9999999949504854e-06
20,5,0.07141099870204926,3.199999991920777e-05,0.0,3.199999991920777e-05
20,6,0.12164299935102463,6.000000212225132e-06,0.0,6.000000212225132e-06
20,7,0.0686039999127388,0.00011500000255182385,0.0,0.00011500000255182385
20,8,0.061034999787807465,9.000000136438757e-05,0.0,9.000000136438757e-05
20,9,0.1340329945087433,2.700000004551839e-05,0.0,2.700000004551839e-05
20,10,0.07141099870204926,2.2000000171829015e-05,0.0,2.2000000171829015e-05
20,11,0.07842999696731567,-1.9999999949504854e-06,0.0,-1.9999999949504854e-06
20,12,0.21716299653053284,1.2000000424450263e-05,0.0,1.2000000424450263e-05
20,13,0.07153300195932388,3.999999989900971e-06,0.0,3.999999989900971e-06
20,14,0.07580599933862686,3.5000000934815034e-05,0.0,3.5000000934815034e-05
20,15,0.07153300195932388,-5.0999999075429514e-05,0.0,-5.0999999075429514e-05
20,16,0.09661900252103806,-0.0002730000123847276,0.0,-0.0002730000123847276
20,17,0.22936999797821045,-1.4999999621068127e-05,0.0,-1.4999999621068127e-05
20,18,0.07141099870204926,1.8999999156221747e-05,0.0,1.8999999156221747e-05
20,19,0.07177700102329254,0.0001049999991664663,0.0,0.0001049999991664663
21,0,0.1336670070886612,0.00011200000153621659,0.0,0.00011200000153621659
21,1,0.12017799913883209,3.899999865097925e-05,0.0,3.899999865097925e-05
21,2,0.21557599306106567,-9.699999645818025e-05,0.0,-9.699999645818025e-05
21,3,0.15124499797821045,0.00017499999376013875,0.0,0.00017499999376013875
21,4,0.10595700144767761,-7.899999764049426e-05,0.0,-7.899999764049426e-05
21,5,0.1358640044927597,-0.00010800000018207356,0.0,-0.00010800000018207356
21,6,0.10858199745416641,-8.199999865610152e-05,0.0,-8.199999865610152e-05
21,7,0.07836899906396866,0.0005249999812804163,0.0,0.0005249999812804163
21,8,0.18847699463367462,8.099999831756577e-05,0.0,8.099999831756577e-05
21,9,0.11645500361919403,9.899999713525176e-05,0.0,9.899999713525176e-05
21,10,0.14123499393463135,0.00015100000018719584,0.0,0.00015100000018719584
21,11,0.07910200208425522,0.00018000000272877514,0.0,0.00018000000272877514
21,12,0.13696299493312836,0.0007459999760612845,0.0,0.0007459999760612845
21,13,0.02212500013411045,3.099999958067201e-05,0.0,3.099999958067201e-05
21,14,0.1818850040435791,0.00031400000443682075,0.0,0.00031400000443682075
21,15,0.14343300461769104,-7.699999696342275e-05,0.0,-7.699999696342275e-05
21,16,0.24194300174713135,-9.899999713525176e-05,0.0,-9.899999713525176e-05
21,17,0.1684570014476776,0.00021800000104121864,0.0,0.00021800000104121864
21,18,0.07141099870204926,3.400000059627928e-05,0.0,3.400000059627928e-05
21,19,0.21948200464248657,8.600000001024455e-05,0.0,8.600000001024455e-05
22,0,0.12597699463367462,9.000000318337698e-06,0.0,9.000000318337698e-06
22,1,0.13574199378490448,-4.5000000682193786e-05,0.0,-4.5000000682193786e-05
22,2,0.08123800158500671,-0.0001500000071246177,0.0,-0.0001500000071246177
22,3,0.08288600295782089,-0.00011600000289035961,0.0,-0.00011600000289035961
22,4,0.1019899994134903,-7.400000322377309e-05,0.0,-7.400000322377309e-05
22,5,0.1810300052165985,-1.4000000192027073e-05,0.0,-1.4000000192027073e-05
22,6,0.19262699782848358,0.0004090000002179295,0.0,0.0004090000002179295
22,7,0.06359899789094925,-6.199999916134402e-05,0.0,-6.199999916134402e-05
22,8,0.10168500244617462,-6.70000008540228e-05,0.0,-6.70000008540228e-05
22,9,0.1883540004491806,3.899999865097925e-05,0.0,3.899999865097925e-05
22,10,0.13122600317001343,-3.300000025774352e-05,0.0,-3.300000025774352e-05
22,11,0.0477290004491806,-7.999999979801942e-06,0.0,-7.999999979801942e-06
22,12,0.06384299695491791,3.7000001611886546e-05,0.0,3.7000001611886546e-05
22,13,0.11560100317001343,2.300000051036477e-05,0.0,2.300000051036477e-05
22,14,0.07226599752902985,-4.5000000682193786e-05,0.0,-4.5000000682193786e-05
22,15,0.0842289999127388,8.600000001024455e-05,0.0,8.600000001024455e-05
22,16,0.1796880066394806,-0.00010900000052060932,0.0,-0.00010900000052060932
22,17,0.1666260063648224,-3.300000025774352e-05,0.0,-3.300000025774352e-05
22,18,0.1049799993634224,-4.8999998398358e-05,0.0,-4.8999998398358e-05
22,19,0.08599899709224701,0.0006290000164881349,0.0,0.0006290000164881349
23,0,0.08380100131034851,6.500000017695129e-05,0.0,6.500000017695129e-05
23,1,0.08526600152254105,0.00024500000290572643,0.0,0.00024500000290572643
23,2,0.03802499920129776,-3.400000059627928e-05,0.0,-3.400000059627928e-05
23,3,0.05465700104832649,0.00016500000492669642,0.0,0.00016500000492669642
23,4,0.1367190033197403,0.00027799999224953353,0.0,0.00027799999224953353
23,5,0.13732899725437164,4.099999932805076e-05,0.0,4.099999932805076e-05
23,6,0.10253900289535522,0.00018699999782256782,0.0,0.00018699999782256782
23,7,0.20288099348545074,0.0004529999860096723,0.0,0.0004529999860096723
23,8,0.04330400004982948,0.0002629999944474548,0.0,0.0002629999944474548
23,9,0.05282599851489067,9.600000339560211e-05,0.0,9.600000339560211e-05
23,10,0.09094200283288956,0.0004149999876972288,0.0,0.0004149999876972288
23,11,0.1253660023212433,0.000674000009894371,0.0,0.000674000009894371
23,12,0.11700399965047836,-2.499999936844688e-05,0.0,-2.499999936844688e-05
23,13,0.09234599769115448,-0.0001539999939268455,0.0,-0.0001539999939268455
23,14,0.18396000564098358,0.00046800001291558146,0.0,0.00046800001291558146
23,15,0.07782000303268433,-0.00023400000645779073,0.0,-0.00023400000645779073
23,16,0.09368900209665298,0.0013299999991431832,0.0,0.0013299999991431832
23,17,0.1058960035443306,-2.9999999242136255e-05,0.0,-2.9999999242136255e-05
23,18,0.08013900369405746,8.600000001024455e-05,0.0,8.600000001024455e-05
23,19,0.1024169996380806,-4.3000000005122274e-05,0.0,-4.3000000005122274e-05
24,0,0.20239299535751343,-0.0006960000027902424,0.0,-0.0006960000027902424
24,1,0.07672099769115448,-0.00011300000187475234,0.0,-0.00011300000187475234
24,2,0.07403600215911865,0.0004450000124052167,0.0,0.0004450000124052167
24,3,0.10699500143527985,-3.899999865097925e-05,0.0,-3.899999865097925e-05
24,4,0.08569300174713135,0.00015999999595806003,0.0,0.00015999999595806003
24,5,0.1801760047674179,0.00011000000085914508,0.0,0.00011000000085914508
24,6,0.10479699820280075,-6.299999949987978e-05,0.0,-6.299999949987978e-05
24,7,0.07177700102329254,-6.500000017695129e-05,0.0,-6.500000017695129e-05
24,8,0.0347599983215332,0.0003129999968223274,0.0,0.0003129999968223274
24,9,0.1853030025959015,0.00019799999427050352,0.0,0.00019799999427050352
24,10,0.18115200102329254,-0.00014600000577047467,0.0,-0.00014600000577047467
24,11,0.006080999970436096,-9.699999645818025e-05,0.0,-9.699999645818025e-05
24,12,0.0698850005865097,-0.00033999999868683517,0.0,-0.00033999999868683517
24,13,0.07214400172233582,-0.00025099999038502574,0.0,-0.00025099999038502574
24,14,0.26416000723838806,0.0004879999905824661,0.0,0.0004879999905824661
24,15,0.265625,0.00014600000577047467,0.0,0.00014600000577047467
24,16,0.16369600594043732,0.00020599999697878957,0.0,0.00020599999697878957
24,17,0.07049600034952164,7.000000186963007e-05,0.0,7.000000186963007e-05
24,18,0.1467290073633194,5.700000110664405e-05,0.0,5.700000110664405e-05
24,19,0.06390400230884552,4.8999998398358e-05,0.0,4.8999998398358e-05
25,0,0.2626950144767761,-0.0006479999865405262,0.0,-0.0006479999865405262
25,1,0.09039299935102463,-0.00012799999967683107,0.0,-0.00012799999967683107
25,2,0.11975099891424179,0.000859999970998615,0.0,0.000859999970998615
25,3,0.0859379991889,0.0014570000348612666,0.0,0.0014570000348612666
25,4,0.09918200224637985,0.000610999995842576,0.0,0.000610999995842576
25,5,0.0872189998626709,-0.00021600000036414713,0.0,-0.00021600000036414713
25,6,0.08905000239610672,0.0001630000042496249,0.0,0.0001630000042496249
25,7,0.1840820014476776,-0.0003349999897181988,0.0,-0.0003349999897181988
25,8,0.17858900129795074,0.0007120000082068145,0.0,0.0007120000082068145
25,9,0.07568400353193283,0.0018579999450594187,0.0,0.0018579999450594187
25,10,0.1267089992761612,0.0009919999865815043,0.0,0.0009919999865815043
25,11,0.18957500159740448,0.0005569999921135604,0.0,0.0005569999921135604
25,12,0.14184600114822388,-0.0009769999887794256,0.0,-0.0009769999887794256
25,13,0.06762699782848358,0.0009190000128000975,0.0,0.0009190000128000975
25,14,0.12103299796581268,-0.0012570000253617764,0.0,-0.0012570000253617764
25,15,0.10967999696731567,-0.000375000003259629,0.0,-0.000375000003259629
25,16,0.1467290073633194,0.002437999937683344,0.0,0.002437999937683344
25,17,0.17138700187206268,0.005293000023812056,0.0,0.005293000023812056
25,18,0.10717800259590149,0.002182000083848834,0.0,0.002182000083848834
25,19,0.1275629997253418,0.0010140000376850367,0.0,0.0010140000376850367
26,0,0.07025100290775299,-0.0002899999963119626,0.0,-0.0002899999963119626
26,1,0.20629900693893433,0.00011800000356743112,0.0,0.00011800000356743112
26,2,0.07141099870204926,5.2999999752501026e-05,0.0,5.2999999752501026e-05
26,3,0.12371800094842911,-9.999999974752427e-07,0.0,-9.999999974752427e-07
26,4,0.1358640044927597,3.899999865097925e-05,0.0,3.899999865097925e-05
26,5,0.07141099870204926,-5.2999999752501026e-05,0.0,-5.2999999752501026e-05
26,6,0.21020500361919403,6.399999983841553e-05,0.0,6.399999983841553e-05
26,7,0.12017799913883209,2.700000004551839e-05,0.0,2.700000004551839e-05
26,8,0.08239699900150299,-0.0002640000020619482,0.0,-0.0002640000020619482
26,9,0.09411600232124329,-9.7999996796716e-05,0.0,-9.7999996796716e-05
26,10,0.06982400268316269,-3.999999989900971e-06,0.0,-3.999999989900971e-06
26,11,0.12145999819040298,0.00021600000036414713,0.0,0.00021600000036414713
26,12,0.0720210000872612,8.099999831756577e-05,0.0,8.099999831756577e-05
26,13,0.0707399994134903,3.999999989900971e-06,0.0,3.999999989900971e-06
26,14,0.07141099870204926,5.199999941396527e-05,0.0,5.199999941396527e-05
26,15,0.15564000606536865,0.00014600000577047467,0.0,0.00014600000577047467
26,16,0.0806879997253418,0.000155999994603917,0.0,0.000155999994603917
26,17,0.176146999001503,1.8999999156221747e-05,0.0,1.8999999156221747e-05
26,18,0.13989299535751343,0.00011700000322889537,0.0,0.00011700000322889537
26,19,0.07141099870204926,-3.199999991920777e-05,0.0,-3.199999991920777e-05
27,0,0.0911249965429306,4.999999873689376e-06,0.0,4.999999873689376e-06
27,1,0.0989380031824112,6.000000212225132e-06,0.0,6.000000212225132e-06
27,2,0.09692399948835373,6.000000212225132e-06,0.0,6.000000212225132e-06
27,3,0.07922399789094925,6.000000212225132e-06,0.0,6.000000212225132e-06
27,4,0.11645500361919403,-3.999999989900971e-06,0.0,-3.999999989900971e-06
27,5,0.10479699820280075,4.999999873689376e-06,0.0,4.999999873689376e-06
27,6,0.1019899994134903,9.999999747378752e-06,0.0,9.999999747378752e-06
27,7,0.09973099827766418,1.9999999949504854e-06,0.0,1.9999999949504854e-06
27,8,0.10577400028705597,3.999999989900971e-06,0.0,3.999999989900971e-06
27,9,0.09454300254583359,9.999999974752427e-07,0.0,9.999999974752427e-07
27,10,0.10278300195932388,4.999999873689376e-06,0.0,4.999999873689376e-06
27,11,0.10101299732923508,3.999999989900971e-06,0.0,3.999999989900971e-06
27,12,0.11157199740409851,9.999999974752427e-07,0.0,9.999999974752427e-07
27,13,0.11102300137281418,3.000000106112566e-06,0.0,3.000000106112566e-06
27,14,0.10998500138521194,9.999999747378752e-06,0.0,9.999999747378752e-06
27,15,0.11267100274562836,4.999999873689376e-06,0.0,4.999999873689376e-06
27,16,0.11169400066137314,7.000000096013537e-06,0.0,7.000000096013537e-06
27,17,0.09802199900150299,3.000000106112566e-06,0.0,3.000000106112566e-06
27,18,0.09741199761629105,6.000000212225132e-06,0.0,6.000000212225132e-06
27,19,0.10491900146007538,7.000000096013537e-06,0.0,7.000000096013537e-06
28,0,0.14563000202178955,1.9999999949504854e-06,0.0,1.9999999949504854e-06
28,1,0.12780800461769104,1.9999999949504854e-06,0.0,1.9999999949504854e-06
28,2,0.15441900491714478,0.0,0.0,0.0
28,3,0.1241459995508194,1.9999999949504854e-06,0.0,1.9999999949504854e-06
28,4,0.1531980037689209,0.0,0.0,0.0
28,5,0.12078899890184402,1.9999999949504854e-06,0.0,1.9999999949504854e-06
28,6,0.15820300579071045,1.9999999949504854e-06,0.0,1.9999999949504854e-06
28,7,0.13049300014972687,-0.0,0.0,-0.0
28,8,0.15380899608135223,9.999999974752427e-07,0.0,9.999999974752427e-07
28,9,0.17333999276161194,1.9999999949504854e-06,0.0,1.9999999949504854e-06
28,10,0.14001500606536865,-0.0,0.0,-0.0
28,11,0.1171879991889,0.0,0.0,0.0
28,12,0.14648400247097015,9.999999974752427e-07,0.0,9.999999974752427e-07
28,13,0.1489260047674179,0.0,0.0,0.0
28,14,0.14746099710464478,1.9999999949504854e-06,0.0,1.9999999949504854e-06
28,15,0.12121599912643433,0.0,0.0,0.0
28,16,0.16137699782848358,9.999999974752427e-07,0.0,9.999999974752427e-07
28,17,0.12011700123548508,0.0,0.0,0.0
28,18,0.1358640044927597,-1.9999999949504854e-06,0.0,-1.9999999949504854e-06
28,19,0.1423339992761612,1.9999999949504854e-06,0.0,1.9999999949504854e-06
29,0,0.16601599752902985,-9.000000136438757e-05,0.0,-9.000000136438757e-05
29,1,0.13989299535751343,1.700000029813964e-05,0.0,1.700000029813964e-05
29,2,0.11321999877691269,-0.00018099999579135329,0.0,-0.00018099999579135329
29,3,0.11828599870204926,5.700000110664405e-05,0.0,5.700000110664405e-05
29,4,0.14990200102329254,-0.00023999999393709004,0.0,-0.00023999999393709004
29,5,0.13305699825286865,9.7999996796716e-05,0.0,9.7999996796716e-05
29,6,0.1489260047674179,-0.0003169999981764704,0.0,-0.0003169999981764704
29,7,0.13647499680519104,4.999999873689376e-06,0.0,4.999999873689376e-06
29,8,0.15527300536632538,-0.00015999999595806003,0.0,-0.00015999999595806003
29,9,0.09387200325727463,-3.099999958067201e-05,0.0,-3.099999958067201e-05
29,10,0.13964800536632538,5.400000009103678e-05,0.0,5.400000009103678e-05
29,11,0.1145630031824112,9.000000318337698e-06,0.0,9.000000318337698e-06
29,12,0.0772709995508194,5.700000110664405e-05,0.0,5.700000110664405e-05
29,13,0.13183599710464478,0.00011999999696854502,0.0,0.00011999999696854502
29,14,0.17077599465847015,0.00015799999528098851,0.0,0.00015799999528098851
29,15,0.08319099992513657,0.000155999994603917,0.0,0.000155999994603917
29,16,0.14343300461769104,1.4999999621068127e-05,0.0,1.4999999621068127e-05
29,17,0.151855006814003,-0.00022899999748915434,0.0,-0.00022899999748915434
29,18,0.1423339992761612,4.999999873689376e-05,0.0,4.999999873689376e-05
29,19,0.09448199719190598,9.899999713525176e-05,0.0,9.899999713525176e-05
30,0,0.1549070030450821,2.8000000384054147e-05,0.0,2.8000000384054147e-05
30,1,0.09710700064897537,1.2999999853491317e-05,0.0,1.2999999853491317e-05
30,2,0.19738799333572388,4.400000034365803e-05,0.0,4.400000034365803e-05
30,3,0.1536870002746582,-1.8000000636675395e-05,0.0,-1.8000000636675395e-05
30,4,0.10266099870204926,0.0,0.0,0.0
30,5,0.1284179985523224,8.199999865610152e-05,0.0,8.199999865610152e-05
30,6,0.14819300174713135,3.999999989900971e-06,0.0,3.999999989900971e-06
30,7,0.18066400289535522,0.0001230000052601099,0.0,0.0001230000052601099
30,8,0.2022709995508194,9.300000237999484e-05,0.0,9.300000237999484e-05
30,9,0.11035200208425522,-1.700000029813964e-05,0.0,-1.700000029813964e-05
30,10,0.23486299812793732,2.499999936844688e-05,0.0,2.499999936844688e-05
30,11,0.16333000361919403,3.999999989900971e-06,0.0,3.999999989900971e-06
30,12,0.15649400651454926,5.900000178371556e-05,0.0,5.900000178371556e-05
30,13,0.11956799775362015,9.40000027185306e-05,0.0,9.40000027185306e-05
30,14,0.1479489952325821,7.000000096013537e-06,0.0,7.000000096013537e-06
30,15,0.1389160007238388,3.7000001611886546e-05,0.0,3.7000001611886546e-05
30,16,0.06015000119805336,4.8000001697801054e-05,0.0,4.8000001697801054e-05
30,17,0.10461399704217911,1.4999999621068127e-05,0.0,1.4999999621068127e-05
30,18,0.2100829929113388,-1.2999999853491317e-05,0.0,-1.2999999853491317e-05
30,19,0.1462399959564209,5.500000042957254e-05,0.0,5.500000042957254e-05
31,0,0.11840800195932388,0.0004330000083427876,0.0,0.0004330000083427876
31,1,0.12548799812793732,0.0003279999946244061,0.0,0.0003279999946244061
31,2,0.07739300280809402,0.0003319999959785491,0.0,0.0003319999959785491
31,3,0.08575399965047836,0.00038899999344721437,0.0,0.00038899999344721437
31,4,0.07659900188446045,-0.00021899999410379678,0.0,-0.00021899999410379678
31,5,0.21106000244617462,-0.0001230000052601099,0.0,-0.0001230000052601099
31,6,0.14160199463367462,-0.0002099999983329326,0.0,-0.0002099999983329326
31,7,0.17639200389385223,-0.00014600000577047467,0.0,-0.00014600000577047467
31,8,0.1397709995508194,-0.0002699999895412475,0.0,-0.0002699999895412475
31,9,0.14941400289535522,-0.00025400001322850585,0.0,-0.00025400001322850585
31,10,0.11639399826526642,-0.00029200001154094934,0.0,-0.00029200001154094934
31,11,0.13305699825286865,0.0009360000258311629,0.0,0.0009360000258311629
31,12,0.12292499840259552,-0.00013099999341648072,0.0,-0.00013099999341648072
31,13,0.1514890044927597,-0.00019799999427050352,0.0,-0.00019799999427050352
31,14,0.1649170070886612,0.0003929999948013574,0.0,0.0003929999948013574
31,15,0.07043500244617462,-0.0005760000203736126,0.0,-0.0005760000203736126
31,16,0.18041999638080597,-0.0005559999844990671,0.0,-0.0005559999844990671
31,17,0.16857899725437164,0.0007110000005923212,0.0,0.0007110000005923212
31,18,0.11932399868965149,-3.000000106112566e-06,0.0,-3.000000106112566e-06
31,19,0.13879400491714478,-0.0002699999895412475,0.0,-0.0002699999895412475
32,0,0.16418500244617462,0.0001340000017080456,0.0,0.0001340000017080456
32,1,0.13012699782848358,-4.600000102072954e-05,0.0,-4.600000102072954e-05
32,2,0.19592300057411194,-1.2999999853491317e-05,0.0,-1.2999999853491317e-05
32,3,0.15905800461769104,7.999999979801942e-06,0.0,7.999999979801942e-06
32,4,0.10180699825286865,0.0001049999991664663,0.0,0.0001049999991664663
32,5,0.13305699825286865,2.2000000171829015e-05,0.0,2.2000000171829015e-05
32,6,0.09826699644327164,7.699999696342275e-05,0.0,7.699999696342275e-05
32,7,0.12524400651454926,0.00016799999866634607,0.0,0.00016799999866634607
32,8,0.15466299653053284,-9.600000339560211e-05,0.0,-9.600000339560211e-05
32,9,0.2005620002746582,0.00010900000052060932,0.0,0.00010900000052060932
32,10,0.21020500361919403,0.0002500000118743628,0.0,0.0002500000118743628
32,11,0.1545410007238388,-4.199999966658652e-05,0.0,-4.199999966658652e-05
32,12,0.1523440033197403,0.00040600000647827983,0.0,0.00040600000647827983
32,13,0.09606900066137314,5.199999941396527e-05,0.0,5.199999941396527e-05
32,14,0.1458739936351776,2.2000000171829015e-05,0.0,2.2000000171829015e-05
32,15,0.20727500319480896,0.00021100000594742596,0.0,0.00021100000594742596
32,16,0.11212199926376343,1.5999999959603883e-05,0.0,1.5999999959603883e-05
32,17,0.08398400247097015,0.0002099999983329326,0.0,0.0002099999983329326
32,18,0.17993199825286865,-2.099999983329326e-05,0.0,-2.099999983329326e-05
32,19,0.17785599827766418,7.79999973019585e-05,0.0,7.79999973019585e-05
33,0,0.10858199745416641,0.00010900000052060932,0.0,0.00010900000052060932
33,1,0.04574599862098694,8.600000001024455e-05,0.0,8.600000001024455e-05
33,2,0.08007799834012985,-0.0010600000387057662,0.0,-0.0010600000387057662
33,3,0.0664059966802597,-0.0007769999792799354,0.0,-0.0007769999792799354
33,4,0.11724899709224701,-9.300000237999484e-05,0.0,-9.300000237999484e-05
33,5,0.1470949947834015,-0.0006840000278316438,0.0,-0.0006840000278316438
33,6,0.13268999755382538,3.099999958067201e-05,0.0,3.099999958067201e-05
33,7,0.10522499680519104,0.00039999998989515007,0.0,0.00039999998989515007
33,8,0.14050300419330597,0.0002680000034160912,0.0,0.0002680000034160912
33,9,0.1206049993634224,-0.00021100000594742596,0.0,-0.00021100000594742596
33,10,0.1875,0.00010099999781232327,0.0,0.00010099999781232327
33,11,0.16467300057411194,-0.0003539999888744205,0.0,-0.0003539999888744205
33,12,0.09668000042438507,-0.0012989999959245324,0.0,-0.0012989999959245324
33,13,0.035064999014139175,-9.500000305706635e-05,0.0,-9.500000305706635e-05
33,14,0.15978999435901642,0.0001429999974789098,0.0,0.0001429999974789098
33,15,0.1280519962310791,-0.0002280000044265762,0.0,-0.0002280000044265762
33,16,0.11505100131034851,0.00020500000391621143,0.0,0.00020500000391621143
33,17,0.16870099306106567,-0.0004670000053010881,0.0,-0.0004670000053010881
33,18,0.14257800579071045,-0.0001740000006975606,0.0,-0.0001740000006975606
33,19,0.08630400151014328,-6.299999949987978e-05,0.0,-6.299999949987978e-05
34,0,0.015189999714493752,-0.0005280000041238964,0.0,-0.0005280000041238964
34,1,0.07928500324487686,-0.0012860000133514404,0.0,-0.0012860000133514404
34,2,0.07714799791574478,-0.00047900000936351717,0.0,-0.00047900000936351717
34,3,0.05404699966311455,-0.0005469999741762877,0.0,-0.0005469999741762877
34,4,0.16247600317001343,-0.001382000045850873,0.0,-0.001382000045850873
34,5,0.11016800254583359,-0.00023700000019744039,0.0,-0.00023700000019744039
34,6,0.10382100194692612,-0.00036199999158270657,0.0,-0.00036199999158270657
34,7,0.1353760063648224,-0.00018699999782256782,0.0,-0.00018699999782256782
34,8,0.09246800094842911,-0.0004990000161342323,0.0,-0.0004990000161342323
34,9,0.09527599811553955,-0.00011999999696854502,0.0,-0.00011999999696854502
34,10,0.20190399885177612,-0.00017899999511428177,0.0,-0.00017899999511428177
34,11,0.12042199820280075,-0.0018850000342354178,0.0,-0.0018850000342354178
34,12,0.09179700165987015,-0.0012069999938830733,0.0,-0.0012069999938830733
34,13,0.10736099630594254,-0.0007259999983943999,0.0,-0.0007259999983943999
34,14,0.08081100136041641,-0.000506000011228025,0.0,-0.000506000011228025
34,15,0.11273200064897537,-0.00133500003721565,0.0,-0.00133500003721565
34,16,0.12646499276161194,-0.0007259999983943999,0.0,-0.0007259999983943999
34,17,0.05776999890804291,-0.001699000014923513,0.0,-0.001699000014923513
34,18,0.10839799791574478,-0.0011119999689981341,0.0,-0.0011119999689981341
34,19,0.057190001010894775,0.00027799999224953353,0.0,0.00027799999224953353
35,0,0.1384280025959015,0.00018400000408291817,0.0001838207244873047,1.7927959561347961e-07
35,1,0.0958859995007515,-8.299999899463728e-05,-8.320808410644531e-05,2.080851118080318e-07
35,2,0.10168500244617462,-9.500000305706635e-05,-9.5367431640625e-05,3.674285835586488e-07
35,3,0.1883540004491806,0.00027600000612437725,0.00027561187744140625,3.8812868297100067e-07
35,4,0.12121599912643433,3.899999865097925e-05,3.910064697265625e-05,-1.0064832167699933e-07
35,5,0.09234599769115448,0.0001429999974789098,0.00014328956604003906,-2.89568561129272e-07
35,6,0.11090099811553955,2.300000051036477e-05,2.2649765014648438e-05,3.502354957163334e-07
35,7,0.1284179985523224,-0.0001449999981559813,-0.00014543533325195312,4.3533509597182274e-07
35,8,0.15441900491714478,6.199999916134402e-05,6.175041198730469e-05,2.4958717403933406e-07
35,9,0.11993400007486343,-7.999999979801942e-06,-7.867813110351562e-06,-1.3218686945037916e-07
35,10,0.12866200506687164,4.3000000005122274e-05,4.267692565917969e-05,3.2307434594258666e-07
35,11,0.09405499696731567,-0.00012099999730708078,-0.00012063980102539062,-3.601962816901505e-07
35,12,0.10095199942588806,3.199999991920777e-05,3.218650817871094e-05,-1.8650825950317085e-07
35,13,0.1788329929113388,0.00029600001289509237,0.0002961158752441406,-1.1586234904825687e-07
35,14,0.1484380066394806,-4.999999873689376e-05,-4.982948303222656e-05,-1.7051570466719568e-07
35,15,0.1402589976787567,-4.199999966658652e-05,-4.220008850097656e-05,2.000888343900442e-07
35,16,0.1184689998626709,-0.0003319999959785491,-0.0003323554992675781,3.555032890290022e-07
35,17,0.1844480037689209,4.199999966658652e-05,4.172325134277344e-05,2.767483238130808e-07
35,18,0.11181599646806717,-2.9999999242136255e-05,-2.9802322387695312e-05,-1.976768544409424e-07
35,19,0.14074699580669403,-1.8999999156221747e-05,-1.9073486328125e-05,7.34871719032526e-08
