layer,head,score,pattern_score,ablation_baseline_nll,ablation_nll,ablation_delta_nll,pattern_pct,ablation_pct,combined_pct
0,0,0.166382,0.166382,3.725615,3.723626,-0.001989,0.696801,0.130737,0.130737
0,1,0.189209,0.189209,3.725615,3.722186,-0.003429,0.823366,0.093185,0.093185
0,2,0.159424,0.159424,3.725615,3.723092,-0.002523,0.663421,0.118220,0.118220
0,3,0.129761,0.129761,3.725615,3.727027,0.001412,0.452017,0.799722,0.452017
0,4,0.141602,0.141602,3.725615,3.720715,-0.004900,0.543811,0.072323,0.072323
0,5,0.224121,0.224121,3.725615,3.715131,-0.010484,0.894298,0.037552,0.037552
0,6,0.163330,0.163330,3.725615,3.725741,0.000126,0.681502,0.617524,0.617524
0,7,0.171509,0.171509,3.725615,3.725273,-0.000342,0.731572,0.251739,0.251739
0,8,0.157471,0.157471,3.725615,3.726304,0.000689,0.653686,0.739917,0.653686
0,9,0.152222,0.152222,3.725615,3.726898,0.001283,0.613352,0.791377,0.613352
0,10,0.166382,0.166382,3.725615,3.727698,0.002083,0.699583,0.824757,0.699583
0,11,0.197998,0.197998,3.725615,3.722653,-0.002962,0.837274,0.104312,0.104312
0,12,0.217285,0.217285,3.725615,3.718089,-0.007526,0.887344,0.054242,0.054242
0,13,0.173950,0.173950,3.725615,3.723632,-0.001983,0.746871,0.132128,0.132128
0,14,0.182251,0.182251,3.725615,3.724133,-0.001482,0.795549,0.151599,0.151599
0,15,0.089539,0.089539,3.725615,3.724465,-0.001150,0.171071,0.172462,0.171071
0,16,0.182129,0.182129,3.725615,3.729527,0.003912,0.794159,0.877608,0.794159
0,17,0.188110,0.188110,3.725615,3.725360,-0.000255,0.817802,0.271210,0.271210
0,18,0.162231,0.162231,3.725615,3.723953,-0.001662,0.677330,0.143255,0.143255
0,19,0.169189,0.169189,3.725615,3.725368,-0.000247,0.719054,0.275382,0.275382
1,0,0.130737,0.130737,3.725615,3.724015,-0.001601,0.458971,0.146036,0.146036
1,1,0.214233,0.214233,3.725615,3.722786,-0.002829,0.881780,0.107093,0.107093
1,2,0.023636,0.023636,3.725615,3.722887,-0.002728,0.004172,0.112656,0.004172
1,3,0.142700,0.142700,3.725615,3.716008,-0.009607,0.557719,0.041725,0.041725
1,4,0.067566,0.067566,3.725615,3.725528,-0.000087,0.037552,0.344923,0.037552
1,5,0.246948,0.246948,3.725615,3.724836,-0.000779,0.923505,0.197497,0.197497
1,6,0.154297,0.154297,3.725615,3.707553,-0.018062,0.630042,0.012517,0.012517
1,7,0.184814,0.184814,3.725615,3.716940,-0.008675,0.809458,0.045897,0.045897
1,8,0.173584,0.173584,3.725615,3.726771,0.001156,0.742698,0.787204,0.742698
1,9,0.230225,0.230225,3.725615,3.724521,-0.001094,0.908206,0.178025,0.178025
1,10,0.101501,0.101501,3.725615,3.722224,-0.003391,0.244784,0.095967,0.095967
1,11,0.173828,0.173828,3.725615,3.728701,0.003086,0.745480,0.862309,0.745480
1,12,0.122070,0.122070,3.725615,3.739546,0.013931,0.403338,0.958275,0.403338
1,13,0.138794,0.138794,3.725615,3.723236,-0.002379,0.510431,0.123783,0.123783
1,14,0.254639,0.254639,3.725615,3.726464,0.000849,0.937413,0.755216,0.755216
1,15,0.099121,0.099121,3.725615,3.724989,-0.000626,0.232267,0.218359,0.218359
1,16,0.153687,0.153687,3.725615,3.723757,-0.001858,0.624478,0.137691,0.137691
1,17,0.044037,0.044037,3.725615,3.726363,0.000748,0.011127,0.751043,0.011127
1,18,0.128784,0.128784,3.725615,3.725719,0.000104,0.446453,0.598053,0.446453
1,19,0.285645,0.285645,3.725615,3.727429,0.001814,0.956885,0.813630,0.813630
2,0,0.130859,0.130859,3.725615,3.724509,-0.001107,0.460362,0.176634,0.176634
2,1,0.170654,0.170654,3.725615,3.722293,-0.003322,0.723227,0.097357,0.097357
2,2,0.110107,0.110107,3.725615,3.723114,-0.002501,0.315716,0.119611,0.119611
2,3,0.144775,0.144775,3.725615,3.721892,-0.003723,0.573018,0.087622,0.087622
2,4,0.140747,0.140747,3.725615,3.724205,-0.001410,0.535466,0.154381,0.154381
2,5,0.100830,0.100830,3.725615,3.724246,-0.001369,0.240612,0.157163,0.157163
2,6,0.166382,0.166382,3.725615,3.726704,0.001089,0.698192,0.781641,0.698192
2,7,0.132324,0.132324,3.725615,3.726082,0.000467,0.471488,0.713491,0.471488
2,8,0.161011,0.161011,3.725615,3.720809,-0.004806,0.670376,0.073713,0.073713
2,9,0.145630,0.145630,3.725615,3.729503,0.003888,0.575800,0.876217,0.575800
2,10,0.166992,0.166992,3.725615,3.722464,-0.003151,0.705146,0.098748,0.098748
2,11,0.073120,0.073120,3.725615,3.728575,0.002960,0.089013,0.856745,0.089013
2,12,0.160645,0.160645,3.725615,3.724978,-0.000637,0.668985,0.215577,0.215577
2,13,0.080811,0.080811,3.725615,3.734546,0.008931,0.130737,0.936022,0.130737
2,14,0.157349,0.157349,3.725615,3.720934,-0.004681,0.652295,0.076495,0.076495
2,15,0.153564,0.153564,3.725615,3.719079,-0.006536,0.623088,0.062587,0.062587
2,16,0.071411,0.071411,3.725615,3.728861,0.003246,0.061196,0.865090,0.061196
2,17,0.172241,0.172241,3.725615,3.717349,-0.008266,0.735744,0.048679,0.048679
2,18,0.074768,0.074768,3.725615,3.725967,0.000352,0.095967,0.692629,0.095967
2,19,0.116333,0.116333,3.725615,3.720138,-0.005477,0.356050,0.068150,0.068150
3,0,0.130737,0.130737,3.725615,3.741628,0.016013,0.457580,0.965230,0.457580
3,1,0.181152,0.181152,3.725615,3.729037,0.003422,0.784423,0.867872,0.784423
3,2,0.102112,0.102112,3.725615,3.718795,-0.006820,0.253129,0.061196,0.061196
3,3,0.200928,0.200928,3.725615,3.731084,0.005469,0.844228,0.898470,0.844228
3,4,0.140747,0.140747,3.725615,3.725031,-0.000584,0.536857,0.221140,0.221140
3,5,0.137085,0.137085,3.725615,3.725626,0.000011,0.502086,0.489569,0.489569
3,6,0.111023,0.111023,3.725615,3.757230,0.031615,0.326843,0.980529,0.326843
3,7,0.117371,0.117371,3.725615,3.715365,-0.010250,0.367177,0.038943,0.038943
3,8,0.282715,0.282715,3.725615,3.724158,-0.001457,0.955494,0.152990,0.152990
3,9,0.153320,0.153320,3.725615,3.726336,0.000721,0.621697,0.746871,0.621697
3,10,0.117737,0.117737,3.725615,3.739860,0.014245,0.369958,0.961057,0.369958
3,11,0.165527,0.165527,3.725615,3.724560,-0.001055,0.692629,0.183588,0.183588
3,12,0.128540,0.128540,3.725615,3.784328,0.058713,0.442281,0.995828,0.442281
3,13,0.150146,0.150146,3.725615,3.723993,-0.001622,0.606398,0.144645,0.144645
3,14,0.150146,0.150146,3.725615,3.725610,-0.000005,0.605007,0.407510,0.407510
3,15,0.167603,0.167603,3.725615,3.726487,0.000872,0.709319,0.757997,0.709319
3,16,0.098633,0.098633,3.725615,3.775299,0.049684,0.226704,0.993046,0.226704
3,17,0.142822,0.142822,3.725615,3.728463,0.002848,0.559110,0.855355,0.559110
3,18,0.131592,0.131592,3.725615,3.727098,0.001483,0.464534,0.802503,0.464534
3,19,0.153931,0.153931,3.725615,3.726750,0.001135,0.628651,0.784423,0.628651
4,0,0.326172,0.326172,3.725615,3.709525,-0.016090,0.965230,0.016690,0.016690
4,1,0.215820,0.215820,3.725615,3.716306,-0.009309,0.884562,0.044506,0.044506
4,2,0.363037,0.363037,3.725615,3.706923,-0.018692,0.976356,0.009736,0.009736
4,3,0.198242,0.198242,3.725615,3.721985,-0.003630,0.840056,0.089013,0.089013
4,4,0.210327,0.210327,3.725615,3.711292,-0.014323,0.867872,0.020862,0.020862
4,5,0.167969,0.167969,3.725615,3.710749,-0.014866,0.710709,0.019471,0.019471
4,6,0.149292,0.149292,3.725615,3.718471,-0.007144,0.599444,0.058414,0.058414
4,7,0.230835,0.230835,3.725615,3.721886,-0.003729,0.910987,0.086231,0.086231
4,8,0.212280,0.212280,3.725615,3.725091,-0.000524,0.874826,0.230876,0.230876
4,9,0.144287,0.144287,3.725615,3.719384,-0.006231,0.571627,0.063978,0.063978
4,10,0.259277,0.259277,3.725615,3.713560,-0.012055,0.940195,0.030598,0.030598
4,11,0.184204,0.184204,3.725615,3.712509,-0.013106,0.802503,0.029207,0.029207
4,12,0.103516,0.103516,3.725615,3.730040,0.004425,0.264256,0.885953,0.264256
4,13,0.348145,0.348145,3.725615,3.709523,-0.016092,0.972184,0.015299,0.015299
4,14,0.195923,0.195923,3.725615,3.714755,-0.010860,0.833102,0.036161,0.036161
4,15,0.102478,0.102478,3.725615,3.722847,-0.002768,0.255911,0.111266,0.111266
4,16,0.141724,0.141724,3.725615,3.730561,0.004946,0.546592,0.890125,0.546592
4,17,0.245728,0.245728,3.725615,3.705357,-0.020258,0.922114,0.008345,0.008345
4,18,0.089661,0.089661,3.725615,3.725957,0.000342,0.173853,0.689847,0.173853
4,19,0.225830,0.225830,3.725615,3.711953,-0.013662,0.895688,0.025035,0.025035
5,0,0.178101,0.178101,3.725615,3.726074,0.000459,0.767733,0.712100,0.712100
5,1,0.436523,0.436523,3.725615,3.733545,0.007930,0.987483,0.923505,0.923505
5,2,0.131958,0.131958,3.725615,3.724967,-0.000648,0.467316,0.212796,0.212796
5,3,0.751953,0.751953,3.725615,3.727442,0.001827,0.995828,0.815021,0.815021
5,4,0.110474,0.110474,3.725615,3.732051,0.006436,0.321280,0.909597,0.321280
5,5,0.159302,0.159302,3.725615,3.721076,-0.004539,0.662031,0.077886,0.077886
5,6,0.261719,0.261719,3.725615,3.725810,0.000195,0.942976,0.650904,0.650904
5,7,0.158569,0.158569,3.725615,3.733238,0.007623,0.659249,0.917942,0.659249
5,8,0.229248,0.229248,3.725615,3.724964,-0.000651,0.905424,0.210014,0.210014
5,9,0.067566,0.067566,3.725615,3.752475,0.026860,0.036161,0.977747,0.036161
5,10,0.137573,0.137573,3.725615,3.724768,-0.000847,0.504868,0.193324,0.193324
5,11,0.252441,0.252441,3.725615,3.734065,0.008450,0.934631,0.929068,0.929068
5,12,0.332764,0.332764,3.725615,3.722198,-0.003417,0.966620,0.094576,0.094576
5,13,0.265869,0.265869,3.725615,3.722466,-0.003149,0.948540,0.100139,0.100139
5,14,0.179321,0.179321,3.725615,3.727586,0.001971,0.773296,0.820584,0.773296
5,15,0.297607,0.297607,3.725615,3.738609,0.012994,0.961057,0.955494,0.955494
5,16,0.091797,0.091797,3.725615,3.739196,0.013581,0.182197,0.956885,0.182197
5,17,0.197998,0.197998,3.725615,3.712275,-0.013340,0.838665,0.026426,0.026426
5,18,0.407715,0.407715,3.725615,3.701441,-0.024174,0.981919,0.005563,0.005563
5,19,0.185791,0.185791,3.725615,3.728635,0.003020,0.813630,0.859527,0.813630
6,0,0.324463,0.324463,3.725615,3.732890,0.007275,0.963839,0.915160,0.915160
6,1,0.770020,0.770020,3.725615,3.720158,-0.005457,0.997218,0.069541,0.069541
6,2,0.915527,0.915527,3.725615,3.717963,-0.007652,1.000000,0.052851,0.052851
6,3,0.425537,0.425537,3.725615,3.786390,0.060775,0.984701,0.997218,0.984701
6,4,0.334961,0.334961,3.725615,3.756339,0.030724,0.968011,0.979138,0.968011
6,5,0.338379,0.338379,3.725615,3.729620,0.004005,0.970793,0.881780,0.881780
6,6,0.286133,0.286133,3.725615,3.742726,0.017111,0.958275,0.966620,0.958275
6,7,0.351074,0.351074,3.725615,3.724618,-0.000997,0.973574,0.186370,0.186370
6,8,0.228394,0.228394,3.725615,3.772654,0.047039,0.902643,0.991655,0.902643
6,9,0.335449,0.335449,3.725615,3.723008,-0.002607,0.969402,0.115438,0.115438
6,10,0.484375,0.484375,3.725615,3.716265,-0.009350,0.988873,0.043115,0.043115
6,11,0.914551,0.914551,3.725615,3.728909,0.003294,0.998609,0.866481,0.866481
6,12,0.108154,0.108154,3.725615,3.730035,0.004420,0.303199,0.884562,0.303199
6,13,0.426514,0.426514,3.725615,3.717481,-0.008134,0.986092,0.050070,0.050070
6,14,0.351807,0.351807,3.725615,3.730611,0.004996,0.974965,0.891516,0.891516
6,15,0.750488,0.750488,3.725615,3.731520,0.005905,0.994437,0.904033,0.904033
6,16,0.176025,0.176025,3.725615,3.728268,0.002653,0.756606,0.849791,0.756606
6,17,0.139282,0.139282,3.725615,3.726183,0.000568,0.514604,0.726008,0.514604
6,18,0.236816,0.236816,3.725615,3.728083,0.002468,0.916551,0.842837,0.842837
6,19,0.119812,0.119812,3.725615,3.735411,0.009796,0.383866,0.942976,0.383866
7,0,0.152344,0.152344,3.725615,3.729398,0.003783,0.614743,0.874826,0.614743
7,1,0.485107,0.485107,3.725615,3.762679,0.037064,0.990264,0.986092,0.986092
7,2,0.420166,0.420166,3.725615,3.714742,-0.010873,0.983310,0.034771,0.034771
7,3,0.098938,0.098938,3.725615,3.725332,-0.000283,0.229485,0.264256,0.229485
7,4,0.242065,0.242065,3.725615,3.775750,0.050135,0.919332,0.994437,0.919332
7,5,0.127808,0.127808,3.725615,3.718438,-0.007177,0.433936,0.057024,0.057024
7,6,0.248047,0.248047,3.725615,3.711598,-0.014017,0.927677,0.023644,0.023644
7,7,0.293457,0.293457,3.725615,3.730740,0.005125,0.959666,0.892907,0.892907
7,8,0.073792,0.073792,3.725615,3.715712,-0.009903,0.093185,0.040334,0.040334
7,9,0.168335,0.168335,3.725615,3.762463,0.036848,0.712100,0.984701,0.712100
7,10,0.141846,0.141846,3.725615,3.733319,0.007704,0.549374,0.919332,0.549374
7,11,0.383545,0.383545,3.725615,3.734254,0.008639,0.980529,0.933241,0.933241
7,12,0.081421,0.081421,3.725615,3.731749,0.006134,0.134910,0.906815,0.134910
7,13,0.089905,0.089905,3.725615,3.740434,0.014819,0.175243,0.963839,0.175243
7,14,0.194458,0.194458,3.725615,3.711325,-0.014290,0.830320,0.022253,0.022253
7,15,0.076660,0.076660,3.725615,3.677520,-0.048095,0.107093,0.001391,0.001391
7,16,0.248901,0.248901,3.725615,3.746712,0.021097,0.929068,0.972184,0.929068
7,17,0.075806,0.075806,3.725615,3.560391,-0.165224,0.101530,0.000000,0.000000
7,18,0.226074,0.226074,3.725615,3.718310,-0.007305,0.897079,0.055633,0.055633
7,19,0.233887,0.233887,3.725615,3.735211,0.009596,0.913769,0.941586,0.913769
8,0,0.174194,0.174194,3.725615,3.729615,0.004000,0.748261,0.880389,0.748261
8,1,0.159790,0.159790,3.725615,3.750549,0.024934,0.664812,0.974965,0.664812
8,2,0.113464,0.113464,3.725615,3.730335,0.004720,0.342142,0.887344,0.342142
8,3,0.146240,0.146240,3.725615,3.737586,0.011971,0.581363,0.951321,0.581363
8,4,0.212158,0.212158,3.725615,3.734804,0.009189,0.873435,0.940195,0.873435
8,5,0.115723,0.115723,3.725615,3.762355,0.036740,0.351878,0.983310,0.351878
8,6,0.118164,0.118164,3.725615,3.742953,0.017338,0.371349,0.968011,0.371349
8,7,0.092163,0.092163,3.725615,3.727959,0.002344,0.184979,0.837274,0.184979
8,8,0.107056,0.107056,3.725615,3.725564,-0.000051,0.296245,0.365786,0.296245
8,9,0.611816,0.611816,3.725615,3.692685,-0.032930,0.993046,0.002782,0.002782
8,10,0.123291,0.123291,3.725615,3.733319,0.007704,0.410292,0.920723,0.410292
8,11,0.170410,0.170410,3.725615,3.723090,-0.002525,0.721836,0.116829,0.116829
8,12,0.226318,0.226318,3.725615,3.734778,0.009163,0.899861,0.938804,0.899861
8,13,0.260986,0.260986,3.725615,3.734135,0.008520,0.941586,0.931850,0.931850
8,14,0.132812,0.132812,3.725615,3.724299,-0.001316,0.474270,0.159944,0.159944
8,15,0.145264,0.145264,3.725615,3.737185,0.011570,0.574409,0.949930,0.574409
8,16,0.176025,0.176025,3.725615,3.737890,0.012275,0.757997,0.954103,0.757997
8,17,0.136108,0.136108,3.725615,3.734532,0.008917,0.495132,0.934631,0.495132
8,18,0.149536,0.149536,3.725615,3.771071,0.045456,0.602225,0.990264,0.602225
8,19,0.128906,0.128906,3.725615,3.705344,-0.020271,0.449235,0.006954,0.006954
9,0,0.096252,0.096252,3.725615,3.724078,-0.001537,0.208623,0.148818,0.148818
9,1,0.076538,0.076538,3.725615,3.725758,0.000143,0.104312,0.621697,0.104312
9,2,0.046997,0.046997,3.725615,3.725457,-0.000158,0.013908,0.301808,0.013908
9,3,0.070374,0.070374,3.725615,3.725685,0.000070,0.047288,0.567455,0.047288
9,4,0.106873,0.106873,3.725615,3.724970,-0.000645,0.293463,0.214186,0.214186
9,5,0.081177,0.081177,3.725615,3.726113,0.000498,0.132128,0.719054,0.132128
9,6,0.160522,0.160522,3.725615,3.725412,-0.000203,0.667594,0.290682,0.290682
9,7,0.146484,0.146484,3.725615,3.725756,0.000141,0.584145,0.620306,0.584145
9,8,0.122925,0.122925,3.725615,3.723509,-0.002106,0.407510,0.127955,0.127955
9,9,0.094116,0.094116,3.725615,3.725616,0.000000,0.194715,0.426982,0.194715
9,10,0.103577,0.103577,3.725615,3.724071,-0.001544,0.265647,0.147427,0.147427
9,11,0.081543,0.081543,3.725615,3.720891,-0.004724,0.136300,0.075104,0.075104
9,12,0.142456,0.142456,3.725615,3.727122,0.001507,0.554937,0.803894,0.554937
9,13,0.088745,0.088745,3.725615,3.726532,0.000916,0.166898,0.762170,0.166898
9,14,0.098633,0.098633,3.725615,3.724829,-0.000786,0.223922,0.196106,0.196106
9,15,0.138550,0.138550,3.725615,3.726285,0.000670,0.509040,0.737135,0.509040
9,16,0.172607,0.172607,3.725615,3.726489,0.000874,0.737135,0.759388,0.737135
9,17,0.099854,0.099854,3.725615,3.723618,-0.001997,0.237830,0.129346,0.129346
9,18,0.104980,0.104980,3.725615,3.726098,0.000483,0.275382,0.716273,0.275382
9,19,0.116333,0.116333,3.725615,3.725163,-0.000452,0.357441,0.240612,0.240612
10,0,0.172119,0.172119,3.725615,3.728669,0.003054,0.732962,0.860918,0.732962
10,1,0.178589,0.178589,3.725615,3.735775,0.010159,0.770515,0.947149,0.770515
10,2,0.161987,0.161987,3.725615,3.725498,-0.000117,0.675939,0.319889,0.319889
10,3,0.168945,0.168945,3.725615,3.725213,-0.000402,0.717663,0.243394,0.243394
10,4,0.173706,0.173706,3.725615,3.725657,0.000042,0.744089,0.541029,0.541029
10,5,0.281982,0.281982,3.725615,3.706944,-0.018671,0.954103,0.011127,0.011127
10,6,0.123169,0.123169,3.725615,3.725159,-0.000456,0.408901,0.239221,0.239221
10,7,0.174561,0.174561,3.725615,3.721174,-0.004441,0.751043,0.079277,0.079277
10,8,0.247314,0.247314,3.725615,3.718661,-0.006954,0.926287,0.059805,0.059805
10,9,0.171387,0.171387,3.725615,3.729197,0.003582,0.727399,0.870654,0.727399
10,10,0.166626,0.166626,3.725615,3.723893,-0.001722,0.702364,0.140473,0.140473
10,11,0.195068,0.195068,3.725615,3.719533,-0.006082,0.831711,0.065369,0.065369
10,12,0.096741,0.096741,3.725615,3.723260,-0.002355,0.212796,0.125174,0.125174
10,13,0.157959,0.157959,3.725615,3.712493,-0.013122,0.656467,0.027816,0.027816
10,14,0.094849,0.094849,3.725615,3.721648,-0.003967,0.200278,0.083449,0.083449
10,15,0.184570,0.184570,3.725615,3.724422,-0.001193,0.805285,0.171071,0.171071
10,16,0.132202,0.132202,3.725615,3.717316,-0.008299,0.470097,0.047288,0.047288
10,17,0.281006,0.281006,3.725615,3.726680,0.001065,0.952712,0.778860,0.778860
10,18,0.163696,0.163696,3.725615,3.725526,-0.000089,0.684284,0.343533,0.343533
10,19,0.251221,0.251221,3.725615,3.724861,-0.000754,0.930459,0.201669,0.201669
11,0,0.201782,0.201782,3.725615,3.735661,0.010046,0.845619,0.945758,0.845619
11,1,0.110413,0.110413,3.725615,3.751085,0.025470,0.319889,0.976356,0.319889
11,2,0.365967,0.365967,3.725615,3.736188,0.010573,0.979138,0.948540,0.948540
11,3,0.181274,0.181274,3.725615,3.770966,0.045351,0.787204,0.988873,0.787204
11,4,0.087097,0.087097,3.725615,3.723136,-0.002479,0.161335,0.122392,0.122392
11,5,0.190308,0.190308,3.725615,3.698317,-0.027298,0.826147,0.004172,0.004172
11,6,0.170776,0.170776,3.725615,3.742995,0.017380,0.726008,0.969402,0.726008
11,7,0.211304,0.211304,3.725615,3.739985,0.014369,0.870654,0.962448,0.870654
11,8,0.230469,0.230469,3.725615,3.728591,0.002976,0.909597,0.858136,0.858136
11,9,0.272217,0.272217,3.725615,3.709408,-0.016207,0.951321,0.013908,0.013908
11,10,0.152954,0.152954,3.725615,3.731340,0.005725,0.617524,0.902643,0.617524
11,11,0.502441,0.502441,3.725615,3.714029,-0.011586,0.991655,0.031989,0.031989
11,12,0.203735,0.203735,3.725615,3.709798,-0.015817,0.855355,0.018081,0.018081
11,13,0.174316,0.174316,3.725615,3.728227,0.002612,0.749652,0.848401,0.749652
11,14,0.118225,0.118225,3.725615,3.714571,-0.011044,0.372740,0.033380,0.033380
11,15,0.363770,0.363770,3.725615,3.749766,0.024151,0.977747,0.973574,0.973574
11,16,0.182373,0.182373,3.725615,3.732074,0.006459,0.796940,0.910987,0.796940
11,17,0.136230,0.136230,3.725615,3.722510,-0.003105,0.496523,0.101530,0.101530
11,18,0.198364,0.198364,3.725615,3.721678,-0.003937,0.841446,0.084840,0.084840
11,19,0.247192,0.247192,3.725615,3.788424,0.062809,0.924896,0.998609,0.924896
12,0,0.088806,0.088806,3.725615,3.722835,-0.002780,0.168289,0.109875,0.109875
12,1,0.111572,0.111572,3.725615,3.721518,-0.004097,0.329624,0.082058,0.082058
12,2,0.099060,0.099060,3.725615,3.732192,0.006577,0.230876,0.912378,0.230876
12,3,0.133911,0.133911,3.725615,3.722060,-0.003555,0.484006,0.090403,0.090403
12,4,0.143433,0.143433,3.725615,3.720388,-0.005227,0.566064,0.070932,0.070932
12,5,0.102722,0.102722,3.725615,3.722766,-0.002849,0.260083,0.105702,0.105702
12,6,0.116150,0.116150,3.725615,3.758775,0.033159,0.354659,0.981919,0.354659
12,7,0.122253,0.122253,3.725615,3.809579,0.083964,0.404729,1.000000,0.404729
12,8,0.083618,0.083618,3.725615,3.731213,0.005598,0.141864,0.901252,0.141864
12,9,0.076233,0.076233,3.725615,3.717949,-0.007666,0.102921,0.051460,0.051460
12,10,0.108215,0.108215,3.725615,3.737682,0.012067,0.304590,0.952712,0.304590
12,11,0.123901,0.123901,3.725615,3.728059,0.002444,0.417246,0.841446,0.417246
12,12,0.126099,0.126099,3.725615,3.722541,-0.003074,0.426982,0.102921,0.102921
12,13,0.087463,0.087463,3.725615,3.739810,0.014194,0.165508,0.959666,0.165508
12,14,0.155273,0.155273,3.725615,3.723865,-0.001750,0.641168,0.139082,0.139082
12,15,0.072144,0.072144,3.725615,3.733541,0.007926,0.084840,0.922114,0.084840
12,16,0.105042,0.105042,3.725615,3.727146,0.001531,0.279555,0.806676,0.279555
12,17,0.089661,0.089661,3.725615,3.727857,0.002242,0.172462,0.833102,0.172462
12,18,0.118896,0.118896,3.725615,3.725086,-0.000529,0.378303,0.228095,0.228095
12,19,0.140137,0.140137,3.725615,3.731137,0.005522,0.525730,0.899861,0.525730
13,0,0.123779,0.123779,3.725615,3.733098,0.007483,0.415855,0.916551,0.415855
13,1,0.055664,0.055664,3.725615,3.733764,0.008149,0.023644,0.926287,0.023644
13,2,0.109375,0.109375,3.725615,3.732693,0.007078,0.311544,0.913769,0.311544
13,3,0.108948,0.108948,3.725615,3.724396,-0.001219,0.310153,0.166898,0.166898
13,4,0.190552,0.190552,3.725615,3.721436,-0.004179,0.827538,0.080668,0.080668
13,5,0.143555,0.143555,3.725615,3.725802,0.000187,0.568846,0.649513,0.568846
13,6,0.114563,0.114563,3.725615,3.726686,0.001071,0.347705,0.780250,0.347705
13,7,0.173218,0.173218,3.725615,3.763925,0.038310,0.739917,0.987483,0.739917
13,8,0.133545,0.133545,3.725615,3.724846,-0.000769,0.481224,0.200278,0.200278
13,9,0.097839,0.097839,3.725615,3.743060,0.017445,0.219750,0.970793,0.219750
13,10,0.139893,0.139893,3.725615,3.731971,0.006356,0.520167,0.908206,0.520167
13,11,0.140137,0.140137,3.725615,3.726200,0.000585,0.528512,0.727399,0.528512
13,12,0.182129,0.182129,3.725615,3.727172,0.001557,0.792768,0.808067,0.792768
13,13,0.133301,0.133301,3.725615,3.730969,0.005354,0.479833,0.895688,0.479833
13,14,0.105530,0.105530,3.725615,3.724806,-0.000809,0.282337,0.194715,0.194715
13,15,0.126343,0.126343,3.725615,3.724651,-0.000964,0.428373,0.189152,0.189152
13,16,0.084473,0.084473,3.725615,3.722167,-0.003448,0.147427,0.091794,0.091794
13,17,0.097534,0.097534,3.725615,3.727647,0.002032,0.218359,0.823366,0.218359
13,18,0.073364,0.073364,3.725615,3.724525,-0.001090,0.091794,0.179416,0.091794
13,19,0.096008,0.096008,3.725615,3.724113,-0.001502,0.204451,0.150209,0.150209
14,0,0.208862,0.208862,3.725615,3.726378,0.000763,0.862309,0.752434,0.752434
14,1,0.170288,0.170288,3.725615,3.725800,0.000185,0.720445,0.646732,0.646732
14,2,0.161133,0.161133,3.725615,3.727701,0.002086,0.671766,0.826147,0.671766
14,3,0.203003,0.203003,3.725615,3.724389,-0.001226,0.853964,0.165508,0.165508
14,4,0.145752,0.145752,3.725615,3.728778,0.003163,0.578581,0.863700,0.578581
14,5,0.213257,0.213257,3.725615,3.725015,-0.000600,0.877608,0.219750,0.219750
14,6,0.218018,0.218018,3.725615,3.723482,-0.002133,0.888734,0.126565,0.126565
14,7,0.184692,0.184692,3.725615,3.726640,0.001025,0.806676,0.774687,0.774687
14,8,0.176636,0.176636,3.725615,3.731645,0.006030,0.762170,0.905424,0.762170
14,9,0.143311,0.143311,3.725615,3.723122,-0.002493,0.563282,0.121001,0.121001
14,10,0.213989,0.213989,3.725615,3.734753,0.009138,0.878999,0.937413,0.878999
14,11,0.227783,0.227783,3.725615,3.723709,-0.001906,0.901252,0.133519,0.133519
14,12,0.187378,0.187378,3.725615,3.731015,0.005400,0.815021,0.897079,0.815021
14,13,0.208618,0.208618,3.725615,3.727832,0.002217,0.860918,0.831711,0.831711
14,14,0.171509,0.171509,3.725615,3.724683,-0.000932,0.730181,0.190542,0.190542
14,15,0.252930,0.252930,3.725615,3.727021,0.001406,0.936022,0.798331,0.798331
14,16,0.157837,0.157837,3.725615,3.726254,0.000639,0.655077,0.735744,0.655077
14,17,0.130493,0.130493,3.725615,3.724552,-0.001063,0.454798,0.180807,0.180807
14,18,0.069824,0.069824,3.725615,3.726416,0.000801,0.043115,0.753825,0.043115
14,19,0.172119,0.172119,3.725615,3.728024,0.002409,0.734353,0.838665,0.734353
15,0,0.128052,0.128052,3.725615,3.728318,0.002703,0.436718,0.852573,0.436718
15,1,0.251953,0.251953,3.725615,3.726736,0.001121,0.933241,0.783032,0.783032
15,2,0.111755,0.111755,3.725615,3.725547,-0.000068,0.333797,0.356050,0.333797
15,3,0.172974,0.172974,3.725615,3.725964,0.000349,0.738526,0.691238,0.691238
15,4,0.084656,0.084656,3.725615,3.727519,0.001904,0.148818,0.819193,0.148818
15,5,0.226318,0.226318,3.725615,3.728186,0.002571,0.898470,0.847010,0.847010
15,6,0.086548,0.086548,3.725615,3.725792,0.000177,0.158554,0.642559,0.158554
15,7,0.156982,0.156982,3.725615,3.726965,0.001350,0.650904,0.795549,0.650904
15,8,0.140503,0.140503,3.725615,3.726515,0.000900,0.532684,0.760779,0.532684
15,9,0.184814,0.184814,3.725615,3.725541,-0.000074,0.808067,0.354659,0.354659
15,10,0.161499,0.161499,3.725615,3.727144,0.001529,0.674548,0.805285,0.674548
15,11,0.055542,0.055542,3.725615,3.726572,0.000957,0.022253,0.767733,0.022253
15,12,0.105774,0.105774,3.725615,3.726633,0.001018,0.285118,0.773296,0.285118
15,13,0.106262,0.106262,3.725615,3.725582,-0.000033,0.292072,0.382476,0.292072
15,14,0.177979,0.177979,3.725615,3.725738,0.000123,0.766342,0.616134,0.616134
15,15,0.228394,0.228394,3.725615,3.726652,0.001037,0.904033,0.776078,0.776078
15,16,0.222778,0.222778,3.725615,3.725500,-0.000115,0.892907,0.322670,0.322670
15,17,0.106201,0.106201,3.725615,3.725113,-0.000502,0.290682,0.233658,0.233658
15,18,0.120789,0.120789,3.725615,3.725415,-0.000200,0.394993,0.292072,0.292072
15,19,0.251709,0.251709,3.725615,3.725710,0.000095,0.931850,0.589708,0.589708
16,0,0.117615,0.117615,3.725615,3.727810,0.002195,0.368567,0.830320,0.368567
16,1,0.087219,0.087219,3.725615,3.730363,0.004748,0.162726,0.888734,0.162726
16,2,0.090515,0.090515,3.725615,3.725847,0.000232,0.178025,0.663421,0.178025
16,3,0.181641,0.181641,3.725615,3.727442,0.001827,0.788595,0.816412,0.788595
16,4,0.166870,0.166870,3.725615,3.727646,0.002031,0.703755,0.821975,0.703755
16,5,0.143799,0.143799,3.725615,3.728094,0.002479,0.570236,0.844228,0.570236
16,6,0.254639,0.254639,3.725615,3.729311,0.003695,0.938804,0.873435,0.873435
16,7,0.110596,0.110596,3.725615,3.725905,0.000290,0.322670,0.677330,0.322670
16,8,0.177246,0.177246,3.725615,3.726951,0.001336,0.763560,0.794159,0.763560
16,9,0.123718,0.123718,3.725615,3.727897,0.002282,0.411683,0.834492,0.411683
16,10,0.141235,0.141235,3.725615,3.725656,0.000041,0.538248,0.538248,0.538248
16,11,0.100769,0.100769,3.725615,3.729615,0.004000,0.239221,0.878999,0.239221
16,12,0.213135,0.213135,3.725615,3.727376,0.001761,0.876217,0.812239,0.812239
16,13,0.128784,0.128784,3.725615,3.727948,0.002333,0.447844,0.835883,0.447844
16,14,0.242188,0.242188,3.725615,3.729904,0.004289,0.920723,0.883171,0.883171
16,15,0.099487,0.099487,3.725615,3.728120,0.002505,0.235049,0.845619,0.235049
16,16,0.265869,0.265869,3.725615,3.729068,0.003453,0.949930,0.869263,0.869263
16,17,0.155884,0.155884,3.725615,3.733676,0.008061,0.646732,0.924896,0.646732
16,18,0.134033,0.134033,3.725615,3.727798,0.002183,0.486787,0.828929,0.486787
16,19,0.107178,0.107178,3.725615,3.734074,0.008459,0.299026,0.930459,0.299026
17,0,0.108093,0.108093,3.725615,3.729297,0.003682,0.301808,0.872045,0.301808
17,1,0.165283,0.165283,3.725615,3.722835,-0.002780,0.691238,0.108484,0.108484
17,2,0.142334,0.142334,3.725615,3.725492,-0.000123,0.553547,0.314325,0.314325
17,3,0.141479,0.141479,3.725615,3.724979,-0.000636,0.542420,0.216968,0.216968
17,4,0.163574,0.163574,3.725615,3.719687,-0.005928,0.682893,0.066759,0.066759
17,5,0.143066,0.143066,3.725615,3.728284,0.002669,0.561891,0.851182,0.561891
17,6,0.096130,0.096130,3.725615,3.725533,-0.000082,0.207232,0.349096,0.207232
17,7,0.174683,0.174683,3.725615,3.724407,-0.001208,0.752434,0.168289,0.168289
17,8,0.154907,0.154907,3.725615,3.723741,-0.001874,0.636996,0.136300,0.136300
17,9,0.111145,0.111145,3.725615,3.722989,-0.002626,0.328234,0.114047,0.114047
17,10,0.131348,0.131348,3.725615,3.724488,-0.001127,0.463143,0.173853,0.173853
17,11,0.139282,0.139282,3.725615,3.724605,-0.001010,0.515994,0.184979,0.184979
17,12,0.179565,0.179565,3.725615,3.725193,-0.000422,0.774687,0.242003,0.242003
17,13,0.182007,0.182007,3.725615,3.725236,-0.000379,0.791377,0.244784,0.244784
17,14,0.155518,0.155518,3.725615,3.725241,-0.000374,0.643950,0.247566,0.247566
17,15,0.129761,0.129761,3.725615,3.724717,-0.000898,0.450626,0.191933,0.191933
17,16,0.098633,0.098633,3.725615,3.727302,0.001687,0.225313,0.810848,0.225313
17,17,0.155151,0.155151,3.725615,3.724939,-0.000676,0.639777,0.208623,0.208623
17,18,0.167358,0.167358,3.725615,3.725838,0.000223,0.706537,0.662031,0.662031
17,19,0.202148,0.202148,3.725615,3.725055,-0.000560,0.848401,0.223922,0.223922
18,0,0.138062,0.138062,3.725615,3.726207,0.000592,0.506259,0.730181,0.506259
18,1,0.182861,0.182861,3.725615,3.725482,-0.000133,0.798331,0.310153,0.310153
18,2,0.071411,0.071411,3.725615,3.726170,0.000555,0.059805,0.723227,0.059805
18,3,0.140137,0.140137,3.725615,3.726322,0.000707,0.527121,0.742698,0.527121
18,4,0.153198,0.153198,3.725615,3.725690,0.000075,0.620306,0.570236,0.570236
18,5,0.080383,0.080383,3.725615,3.725644,0.000029,0.126565,0.518776,0.126565
18,6,0.321289,0.321289,3.725615,3.725884,0.000269,0.962448,0.671766,0.671766
18,7,0.086975,0.086975,3.725615,3.725524,-0.000091,0.159944,0.340751,0.159944
18,8,0.175171,0.175171,3.725615,3.725509,-0.000106,0.755216,0.328234,0.328234
18,9,0.231567,0.231567,3.725615,3.725308,-0.000307,0.912378,0.260083,0.260083
18,10,0.106079,0.106079,3.725615,3.725926,0.000311,0.289291,0.680111,0.289291
18,11,0.142822,0.142822,3.725615,3.725401,-0.000214,0.560501,0.286509,0.286509
18,12,0.124939,0.124939,3.725615,3.726137,0.000522,0.420028,0.720445,0.420028
18,13,0.078064,0.078064,3.725615,3.725709,0.000094,0.115438,0.586926,0.115438
18,14,0.132080,0.132080,3.725615,3.725274,-0.000341,0.468707,0.253129,0.253129
18,15,0.103943,0.103943,3.725615,3.725641,0.000026,0.268428,0.513213,0.268428
18,16,0.104980,0.104980,3.725615,3.725730,0.000115,0.278164,0.609179,0.278164
18,17,0.167480,0.167480,3.725615,3.725860,0.000245,0.707928,0.664812,0.664812
18,18,0.205688,0.205688,3.725615,3.725953,0.000338,0.856745,0.688456,0.688456
18,19,0.113892,0.113892,3.725615,3.725790,0.000175,0.343533,0.641168,0.343533
19,0,0.071533,0.071533,3.725615,3.726008,0.000393,0.076495,0.696801,0.076495
19,1,0.071411,0.071411,3.725615,3.726346,0.000731,0.073713,0.748261,0.073713
19,2,0.123779,0.123779,3.725615,3.726563,0.000948,0.414465,0.766342,0.414465
19,3,0.219238,0.219238,3.725615,3.733775,0.008160,0.890125,0.927677,0.890125
19,4,0.071411,0.071411,3.725615,3.727000,0.001385,0.072323,0.796940,0.072323
19,5,0.141479,0.141479,3.725615,3.725927,0.000312,0.541029,0.681502,0.541029
19,6,0.174927,0.174927,3.725615,3.726320,0.000705,0.753825,0.741307,0.741307
19,7,0.073120,0.073120,3.725615,3.726029,0.000414,0.090403,0.703755,0.090403
19,8,0.075073,0.075073,3.725615,3.726004,0.000389,0.097357,0.694019,0.097357
19,9,0.049255,0.049255,3.725615,3.726673,0.001058,0.016690,0.777469,0.016690
19,10,0.128662,0.128662,3.725615,3.726203,0.000588,0.443672,0.728790,0.443672
19,11,0.211670,0.211670,3.725615,3.726609,0.000994,0.872045,0.770515,0.770515
19,12,0.214111,0.214111,3.725615,3.726888,0.001273,0.880389,0.789986,0.789986
19,13,0.151855,0.151855,3.725615,3.726249,0.000634,0.610570,0.734353,0.610570
19,14,0.071411,0.071411,3.725615,3.726058,0.000443,0.069541,0.707928,0.069541
19,15,0.071411,0.071411,3.725615,3.735598,0.009983,0.068150,0.944367,0.068150
19,16,0.071411,0.071411,3.725615,3.726756,0.001141,0.063978,0.785814,0.063978
19,17,0.071411,0.071411,3.725615,3.726771,0.001156,0.052851,0.788595,0.052851
19,18,0.071411,0.071411,3.725615,3.727175,0.001560,0.054242,0.809458,0.054242
19,19,0.166016,0.166016,3.725615,3.728382,0.002767,0.695410,0.853964,0.695410
20,0,0.114258,0.114258,3.725615,3.725677,0.000062,0.344923,0.561891,0.344923
20,1,0.102905,0.102905,3.725615,3.725629,0.000014,0.262865,0.493741,0.262865
20,2,0.156738,0.156738,3.725615,3.725621,0.000006,0.649513,0.477051,0.477051
20,3,0.184814,0.184814,3.725615,3.725629,0.000014,0.810848,0.495132,0.495132
20,4,0.115845,0.115845,3.725615,3.725617,0.000002,0.353268,0.438108,0.353268
20,5,0.071411,0.071411,3.725615,3.725647,0.000032,0.066759,0.522949,0.066759
20,6,0.121643,0.121643,3.725615,3.725621,0.000006,0.401947,0.475661,0.401947
20,7,0.068604,0.068604,3.725615,3.725730,0.000115,0.040334,0.607789,0.040334
20,8,0.061035,0.061035,3.725615,3.725705,0.000090,0.029207,0.584145,0.029207
20,9,0.134033,0.134033,3.725615,3.725642,0.000027,0.485396,0.514604,0.485396
20,10,0.071411,0.071411,3.725615,3.725637,0.000022,0.062587,0.504868,0.062587
20,11,0.078430,0.078430,3.725615,3.725613,-0.000002,0.118220,0.414465,0.118220
20,12,0.217163,0.217163,3.725615,3.725627,0.000012,0.885953,0.490960,0.490960
20,13,0.071533,0.071533,3.725615,3.725619,0.000004,0.077886,0.458971,0.077886
20,14,0.075806,0.075806,3.725615,3.725650,0.000035,0.100139,0.527121,0.100139
20,15,0.071533,0.071533,3.725615,3.725564,-0.000051,0.079277,0.367177,0.079277
20,16,0.096619,0.096619,3.725615,3.725342,-0.000273,0.210014,0.265647,0.210014
20,17,0.229370,0.229370,3.725615,3.725600,-0.000015,0.906815,0.399166,0.399166
20,18,0.071411,0.071411,3.725615,3.725634,0.000019,0.058414,0.503477,0.058414
20,19,0.071777,0.071777,3.725615,3.725720,0.000105,0.080668,0.599444,0.080668
21,0,0.133667,0.133667,3.725615,3.725727,0.000112,0.482615,0.606398,0.482615
21,1,0.120178,0.120178,3.725615,3.725654,0.000039,0.388039,0.531293,0.388039
21,2,0.215576,0.215576,3.725615,3.725518,-0.000097,0.883171,0.333797,0.333797
21,3,0.151245,0.151245,3.725615,3.725790,0.000175,0.607789,0.639777,0.607789
21,4,0.105957,0.105957,3.725615,3.725536,-0.000079,0.287900,0.350487,0.287900
21,5,0.135864,0.135864,3.725615,3.725507,-0.000108,0.493741,0.326843,0.326843
21,6,0.108582,0.108582,3.725615,3.725533,-0.000082,0.307371,0.347705,0.307371
21,7,0.078369,0.078369,3.725615,3.726140,0.000525,0.116829,0.721836,0.116829
21,8,0.188477,0.188477,3.725615,3.725696,0.000081,0.821975,0.575800,0.575800
21,9,0.116455,0.116455,3.725615,3.725714,0.000099,0.361613,0.595271,0.361613
21,10,0.141235,0.141235,3.725615,3.725766,0.000151,0.539638,0.628651,0.539638
21,11,0.079102,0.079102,3.725615,3.725795,0.000180,0.119611,0.643950,0.119611
21,12,0.136963,0.136963,3.725615,3.726361,0.000746,0.500695,0.749652,0.500695
21,13,0.022125,0.022125,3.725615,3.725646,0.000031,0.002782,0.520167,0.002782
21,14,0.181885,0.181885,3.725615,3.725929,0.000314,0.789986,0.684284,0.684284
21,15,0.143433,0.143433,3.725615,3.725538,-0.000077,0.564673,0.351878,0.351878
21,16,0.241943,0.241943,3.725615,3.725516,-0.000099,0.917942,0.329624,0.329624
21,17,0.168457,0.168457,3.725615,3.725833,0.000218,0.713491,0.660640,0.660640
21,18,0.071411,0.071411,3.725615,3.725649,0.000034,0.057024,0.525730,0.057024
21,19,0.219482,0.219482,3.725615,3.725701,0.000086,0.891516,0.582754,0.582754
22,0,0.125977,0.125977,3.725615,3.725624,0.000009,0.425591,0.485396,0.425591
22,1,0.135742,0.135742,3.725615,3.725570,-0.000045,0.489569,0.374131,0.374131
22,2,0.081238,0.081238,3.725615,3.725465,-0.000150,0.133519,0.304590,0.133519
22,3,0.082886,0.082886,3.725615,3.725499,-0.000116,0.139082,0.321280,0.139082
22,4,0.101990,0.101990,3.725615,3.725541,-0.000074,0.251739,0.353268,0.251739
22,5,0.181030,0.181030,3.725615,3.725601,-0.000014,0.783032,0.400556,0.400556
22,6,0.192627,0.192627,3.725615,3.726024,0.000409,0.828929,0.702364,0.702364
22,7,0.063599,0.063599,3.725615,3.725554,-0.000062,0.030598,0.363004,0.030598
22,8,0.101685,0.101685,3.725615,3.725549,-0.000067,0.247566,0.357441,0.247566
22,9,0.188354,0.188354,3.725615,3.725654,0.000039,0.820584,0.535466,0.535466
22,10,0.131226,0.131226,3.725615,3.725582,-0.000033,0.461752,0.383866,0.383866
22,11,0.047729,0.047729,3.725615,3.725607,-0.000008,0.015299,0.406120,0.015299
22,12,0.063843,0.063843,3.725615,3.725652,0.000037,0.031989,0.529903,0.031989
22,13,0.115601,0.115601,3.725615,3.725638,0.000023,0.350487,0.510431,0.350487
22,14,0.072266,0.072266,3.725615,3.725570,-0.000045,0.087622,0.372740,0.087622
22,15,0.084229,0.084229,3.725615,3.725701,0.000086,0.146036,0.581363,0.146036
22,16,0.179688,0.179688,3.725615,3.725506,-0.000109,0.776078,0.325452,0.325452
22,17,0.166626,0.166626,3.725615,3.725582,-0.000033,0.700974,0.385257,0.385257
22,18,0.104980,0.104980,3.725615,3.725566,-0.000049,0.276773,0.369958,0.276773
22,19,0.085999,0.085999,3.725615,3.726244,0.000629,0.155772,0.732962,0.155772
23,0,0.083801,0.083801,3.725615,3.725680,0.000065,0.143255,0.566064,0.143255
23,1,0.085266,0.085266,3.725615,3.725860,0.000245,0.150209,0.666203,0.150209
23,2,0.038025,0.038025,3.725615,3.725581,-0.000034,0.008345,0.381085,0.008345
23,3,0.054657,0.054657,3.725615,3.725780,0.000165,0.020862,0.636996,0.020862
23,4,0.136719,0.136719,3.725615,3.725893,0.000278,0.499305,0.675939,0.499305
23,5,0.137329,0.137329,3.725615,3.725656,0.000041,0.503477,0.536857,0.503477
23,6,0.102539,0.102539,3.725615,3.725802,0.000187,0.257302,0.648122,0.257302
23,7,0.202881,0.202881,3.725615,3.726068,0.000453,0.852573,0.710709,0.710709
23,8,0.043304,0.043304,3.725615,3.725878,0.000263,0.009736,0.668985,0.009736
23,9,0.052826,0.052826,3.725615,3.725711,0.000096,0.018081,0.591099,0.018081
23,10,0.090942,0.090942,3.725615,3.726030,0.000415,0.179416,0.705146,0.179416
23,11,0.125366,0.125366,3.725615,3.726289,0.000674,0.422809,0.738526,0.422809
23,12,0.117004,0.117004,3.725615,3.725590,-0.000025,0.363004,0.392211,0.363004
23,13,0.092346,0.092346,3.725615,3.725461,-0.000154,0.186370,0.303199,0.186370
23,14,0.183960,0.183960,3.725615,3.726083,0.000468,0.799722,0.714882,0.714882
23,15,0.077820,0.077820,3.725615,3.725381,-0.000234,0.114047,0.279555,0.114047
23,16,0.093689,0.093689,3.725615,3.726945,0.001330,0.190542,0.792768,0.190542
23,17,0.105896,0.105896,3.725615,3.725585,-0.000030,0.286509,0.389430,0.286509
23,18,0.080139,0.080139,3.725615,3.725701,0.000086,0.125174,0.579972,0.125174
23,19,0.102417,0.102417,3.725615,3.725572,-0.000043,0.254520,0.375522,0.254520
24,0,0.202393,0.202393,3.725615,3.724919,-0.000696,0.851182,0.205841,0.205841
24,1,0.076721,0.076721,3.725615,3.725502,-0.000113,0.108484,0.324061,0.108484
24,2,0.074036,0.074036,3.725615,3.726060,0.000445,0.094576,0.709319,0.094576
24,3,0.106995,0.106995,3.725615,3.725576,-0.000039,0.294854,0.379694,0.294854
24,4,0.085693,0.085693,3.725615,3.725775,0.000160,0.151599,0.634214,0.151599
24,5,0.180176,0.180176,3.725615,3.725725,0.000110,0.778860,0.605007,0.605007
24,6,0.104797,0.104797,3.725615,3.725552,-0.000063,0.271210,0.360223,0.271210
24,7,0.071777,0.071777,3.725615,3.725550,-0.000065,0.082058,0.358832,0.082058
24,8,0.034760,0.034760,3.725615,3.725928,0.000313,0.005563,0.682893,0.005563
24,9,0.185303,0.185303,3.725615,3.725813,0.000198,0.812239,0.652295,0.652295
24,10,0.181152,0.181152,3.725615,3.725469,-0.000146,0.785814,0.305981,0.305981
24,11,0.006081,0.006081,3.725615,3.725518,-0.000097,0.000000,0.332406,0.000000
24,12,0.069885,0.069885,3.725615,3.725275,-0.000340,0.044506,0.254520,0.044506
24,13,0.072144,0.072144,3.725615,3.725364,-0.000251,0.086231,0.273992,0.086231
24,14,0.264160,0.264160,3.725615,3.726103,0.000488,0.945758,0.717663,0.717663
24,15,0.265625,0.265625,3.725615,3.725761,0.000146,0.947149,0.627260,0.627260
24,16,0.163696,0.163696,3.725615,3.725821,0.000206,0.685675,0.655077,0.655077
24,17,0.070496,0.070496,3.725615,3.725685,0.000070,0.050070,0.568846,0.050070
24,18,0.146729,0.146729,3.725615,3.725672,0.000057,0.586926,0.559110,0.559110
24,19,0.063904,0.063904,3.725615,3.725664,0.000049,0.033380,0.546592,0.033380
25,0,0.262695,0.262695,3.725615,3.724967,-0.000648,0.944367,0.211405,0.211405
25,1,0.090393,0.090393,3.725615,3.725487,-0.000128,0.176634,0.312935,0.176634
25,2,0.119751,0.119751,3.725615,3.726475,0.000860,0.382476,0.756606,0.382476
25,3,0.085938,0.085938,3.725615,3.727072,0.001457,0.154381,0.801113,0.154381
25,4,0.099182,0.099182,3.725615,3.726226,0.000611,0.233658,0.731572,0.233658
25,5,0.087219,0.087219,3.725615,3.725399,-0.000216,0.164117,0.285118,0.164117
25,6,0.089050,0.089050,3.725615,3.725778,0.000163,0.169680,0.635605,0.169680
25,7,0.184082,0.184082,3.725615,3.725280,-0.000335,0.801113,0.255911,0.255911
25,8,0.178589,0.178589,3.725615,3.726327,0.000712,0.769124,0.745480,0.745480
25,9,0.075684,0.075684,3.725615,3.727473,0.001858,0.098748,0.817802,0.098748
25,10,0.126709,0.126709,3.725615,3.726607,0.000992,0.431154,0.769124,0.431154
25,11,0.189575,0.189575,3.725615,3.726172,0.000557,0.824757,0.724618,0.724618
25,12,0.141846,0.141846,3.725615,3.724638,-0.000977,0.547983,0.187761,0.187761
25,13,0.067627,0.067627,3.725615,3.726534,0.000919,0.038943,0.763560,0.038943
25,14,0.121033,0.121033,3.725615,3.724358,-0.001257,0.396384,0.164117,0.164117
25,15,0.109680,0.109680,3.725615,3.725240,-0.000375,0.312935,0.246175,0.246175
25,16,0.146729,0.146729,3.725615,3.728053,0.002438,0.588317,0.840056,0.588317
25,17,0.171387,0.171387,3.725615,3.730908,0.005293,0.728790,0.894298,0.728790
25,18,0.107178,0.107178,3.725615,3.727797,0.002182,0.297636,0.827538,0.297636
25,19,0.127563,0.127563,3.725615,3.726629,0.001014,0.432545,0.771905,0.432545
26,0,0.070251,0.070251,3.725615,3.725325,-0.000290,0.045897,0.262865,0.045897
26,1,0.206299,0.206299,3.725615,3.725733,0.000118,0.858136,0.611961,0.611961
26,2,0.071411,0.071411,3.725615,3.725668,0.000053,0.075104,0.552156,0.075104
26,3,0.123718,0.123718,3.725615,3.725614,-0.000001,0.413074,0.415855,0.413074
26,4,0.135864,0.135864,3.725615,3.725654,0.000039,0.492350,0.534075,0.492350
26,5,0.071411,0.071411,3.725615,3.725562,-0.000053,0.070932,0.364395,0.070932
26,6,0.210205,0.210205,3.725615,3.725679,0.000064,0.865090,0.564673,0.564673
26,7,0.120178,0.120178,3.725615,3.725642,0.000027,0.389430,0.515994,0.389430
26,8,0.082397,0.082397,3.725615,3.725351,-0.000264,0.137691,0.269819,0.137691
26,9,0.094116,0.094116,3.725615,3.725517,-0.000098,0.196106,0.331015,0.196106
26,10,0.069824,0.069824,3.725615,3.725611,-0.000004,0.041725,0.410292,0.041725
26,11,0.121460,0.121460,3.725615,3.725831,0.000216,0.400556,0.659249,0.400556
26,12,0.072021,0.072021,3.725615,3.725696,0.000081,0.083449,0.574409,0.083449
26,13,0.070740,0.070740,3.725615,3.725619,0.000004,0.051460,0.460362,0.051460
26,14,0.071411,0.071411,3.725615,3.725667,0.000052,0.055633,0.549374,0.055633
26,15,0.155640,0.155640,3.725615,3.725761,0.000146,0.645341,0.625869,0.625869
26,16,0.080688,0.080688,3.725615,3.725771,0.000156,0.127955,0.631433,0.127955
26,17,0.176147,0.176147,3.725615,3.725634,0.000019,0.759388,0.502086,0.502086
26,18,0.139893,0.139893,3.725615,3.725732,0.000117,0.521558,0.610570,0.521558
26,19,0.071411,0.071411,3.725615,3.725583,-0.000032,0.065369,0.386648,0.065369
27,0,0.091125,0.091125,3.725615,3.725620,0.000005,0.180807,0.465925,0.180807
27,1,0.098938,0.098938,3.725615,3.725621,0.000006,0.228095,0.474270,0.228095
27,2,0.096924,0.096924,3.725615,3.725621,0.000006,0.214186,0.470097,0.214186
27,3,0.079224,0.079224,3.725615,3.725621,0.000006,0.121001,0.472879,0.121001
27,4,0.116455,0.116455,3.725615,3.725611,-0.000004,0.360223,0.408901,0.360223
27,5,0.104797,0.104797,3.725615,3.725620,0.000005,0.272601,0.464534,0.272601
27,6,0.101990,0.101990,3.725615,3.725625,0.000010,0.250348,0.486787,0.250348
27,7,0.099731,0.099731,3.725615,3.725617,0.000002,0.236439,0.450626,0.236439
27,8,0.105774,0.105774,3.725615,3.725619,0.000004,0.283727,0.461752,0.283727
27,9,0.094543,0.094543,3.725615,3.725616,0.000001,0.198887,0.435327,0.198887
27,10,0.102783,0.102783,3.725615,3.725620,0.000005,0.261474,0.468707,0.261474
27,11,0.101013,0.101013,3.725615,3.725619,0.000004,0.243394,0.457580,0.243394
27,12,0.111572,0.111572,3.725615,3.725616,0.000001,0.331015,0.433936,0.331015
27,13,0.111023,0.111023,3.725615,3.725618,0.000003,0.325452,0.452017,0.325452
27,14,0.109985,0.109985,3.725615,3.725625,0.000010,0.314325,0.488178,0.314325
27,15,0.112671,0.112671,3.725615,3.725620,0.000005,0.337969,0.463143,0.337969
27,16,0.111694,0.111694,3.725615,3.725622,0.000007,0.332406,0.479833,0.332406
27,17,0.098022,0.098022,3.725615,3.725618,0.000003,0.221140,0.453407,0.221140
27,18,0.097412,0.097412,3.725615,3.725621,0.000006,0.216968,0.471488,0.216968
27,19,0.104919,0.104919,3.725615,3.725622,0.000007,0.273992,0.481224,0.273992
28,0,0.145630,0.145630,3.725615,3.725617,0.000002,0.577191,0.445063,0.445063
28,1,0.127808,0.127808,3.725615,3.725617,0.000002,0.435327,0.443672,0.435327
28,2,0.154419,0.154419,3.725615,3.725615,0.000000,0.632823,0.425591,0.425591
28,3,0.124146,0.124146,3.725615,3.725617,0.000002,0.418637,0.439499,0.418637
28,4,0.153198,0.153198,3.725615,3.725616,0.000000,0.618915,0.429764,0.429764
28,5,0.120789,0.120789,3.725615,3.725617,0.000002,0.393602,0.440890,0.393602
28,6,0.158203,0.158203,3.725615,3.725617,0.000002,0.657858,0.447844,0.447844
28,7,0.130493,0.130493,3.725615,3.725615,-0.000000,0.456189,0.417246,0.417246
28,8,0.153809,0.153809,3.725615,3.725616,0.000001,0.627260,0.436718,0.436718
28,9,0.173340,0.173340,3.725615,3.725617,0.000002,0.741307,0.446453,0.446453
28,10,0.140015,0.140015,3.725615,3.725615,-0.000000,0.524339,0.418637,0.418637
28,11,0.117188,0.117188,3.725615,3.725615,0.000000,0.364395,0.421419,0.364395
28,12,0.146484,0.146484,3.725615,3.725616,0.000001,0.585535,0.431154,0.431154
28,13,0.148926,0.148926,3.725615,3.725615,0.000000,0.596662,0.422809,0.422809
28,14,0.147461,0.147461,3.725615,3.725617,0.000002,0.591099,0.442281,0.442281
28,15,0.121216,0.121216,3.725615,3.725616,0.000000,0.397775,0.428373,0.397775
28,16,0.161377,0.161377,3.725615,3.725616,0.000001,0.673157,0.432545,0.432545
28,17,0.120117,0.120117,3.725615,3.725615,0.000000,0.386648,0.420028,0.386648
28,18,0.135864,0.135864,3.725615,3.725613,-0.000002,0.490960,0.413074,0.413074
28,19,0.142334,0.142334,3.725615,3.725617,0.000002,0.552156,0.449235,0.449235
29,0,0.166016,0.166016,3.725615,3.725525,-0.000090,0.694019,0.342142,0.342142
29,1,0.139893,0.139893,3.725615,3.725632,0.000017,0.522949,0.500695,0.500695
29,2,0.113220,0.113220,3.725615,3.725434,-0.000181,0.340751,0.296245,0.296245
29,3,0.118286,0.118286,3.725615,3.725672,0.000057,0.374131,0.557719,0.374131
29,4,0.149902,0.149902,3.725615,3.725375,-0.000240,0.603616,0.276773,0.276773
29,5,0.133057,0.133057,3.725615,3.725713,0.000098,0.475661,0.592490,0.475661
29,6,0.148926,0.148926,3.725615,3.725298,-0.000317,0.598053,0.258693,0.258693
29,7,0.136475,0.136475,3.725615,3.725620,0.000005,0.497914,0.467316,0.467316
29,8,0.155273,0.155273,3.725615,3.725455,-0.000160,0.642559,0.300417,0.300417
29,9,0.093872,0.093872,3.725615,3.725584,-0.000031,0.191933,0.388039,0.191933
29,10,0.139648,0.139648,3.725615,3.725669,0.000054,0.517385,0.553547,0.517385
29,11,0.114563,0.114563,3.725615,3.725624,0.000009,0.346314,0.484006,0.346314
29,12,0.077271,0.077271,3.725615,3.725672,0.000057,0.111266,0.556328,0.111266
29,13,0.131836,0.131836,3.725615,3.725735,0.000120,0.465925,0.613352,0.465925
29,14,0.170776,0.170776,3.725615,3.725773,0.000158,0.724618,0.632823,0.632823
29,15,0.083191,0.083191,3.725615,3.725771,0.000156,0.140473,0.630042,0.140473
29,16,0.143433,0.143433,3.725615,3.725630,0.000015,0.567455,0.496523,0.496523
29,17,0.151855,0.151855,3.725615,3.725386,-0.000229,0.611961,0.280946,0.280946
29,18,0.142334,0.142334,3.725615,3.725665,0.000050,0.550765,0.547983,0.547983
29,19,0.094482,0.094482,3.725615,3.725714,0.000099,0.197497,0.593880,0.197497
30,0,0.154907,0.154907,3.725615,3.725643,0.000028,0.638387,0.517385,0.517385
30,1,0.097107,0.097107,3.725615,3.725628,0.000013,0.215577,0.492350,0.215577
30,2,0.197388,0.197388,3.725615,3.725659,0.000044,0.835883,0.543811,0.543811
30,3,0.153687,0.153687,3.725615,3.725597,-0.000018,0.625869,0.396384,0.396384
30,4,0.102661,0.102661,3.725615,3.725615,0.000000,0.258693,0.424200,0.258693
30,5,0.128418,0.128418,3.725615,3.725698,0.000082,0.439499,0.577191,0.439499
30,6,0.148193,0.148193,3.725615,3.725619,0.000004,0.593880,0.456189,0.456189
30,7,0.180664,0.180664,3.725615,3.725738,0.000123,0.781641,0.614743,0.614743
30,8,0.202271,0.202271,3.725615,3.725708,0.000093,0.849791,0.585535,0.585535
30,9,0.110352,0.110352,3.725615,3.725598,-0.000017,0.318498,0.397775,0.318498
30,10,0.234863,0.234863,3.725615,3.725640,0.000025,0.915160,0.511822,0.511822
30,11,0.163330,0.163330,3.725615,3.725619,0.000004,0.680111,0.454798,0.454798
30,12,0.156494,0.156494,3.725615,3.725674,0.000059,0.648122,0.560501,0.560501
30,13,0.119568,0.119568,3.725615,3.725709,0.000094,0.381085,0.588317,0.381085
30,14,0.147949,0.147949,3.725615,3.725622,0.000007,0.592490,0.478442,0.478442
30,15,0.138916,0.138916,3.725615,3.725652,0.000037,0.513213,0.528512,0.513213
30,16,0.060150,0.060150,3.725615,3.725663,0.000048,0.027816,0.545202,0.027816
30,17,0.104614,0.104614,3.725615,3.725630,0.000015,0.269819,0.497914,0.269819
30,18,0.210083,0.210083,3.725615,3.725602,-0.000013,0.863700,0.403338,0.403338
30,19,0.146240,0.146240,3.725615,3.725670,0.000055,0.582754,0.554937,0.554937
31,0,0.118408,0.118408,3.725615,3.726048,0.000433,0.375522,0.706537,0.375522
31,1,0.125488,0.125488,3.725615,3.725943,0.000328,0.424200,0.685675,0.424200
31,2,0.077393,0.077393,3.725615,3.725947,0.000332,0.112656,0.687065,0.112656
31,3,0.085754,0.085754,3.725615,3.726004,0.000389,0.152990,0.695410,0.152990
31,4,0.076599,0.076599,3.725615,3.725396,-0.000219,0.105702,0.283727,0.105702
31,5,0.211060,0.211060,3.725615,3.725492,-0.000123,0.869263,0.315716,0.315716
31,6,0.141602,0.141602,3.725615,3.725405,-0.000210,0.545202,0.289291,0.289291
31,7,0.176392,0.176392,3.725615,3.725469,-0.000146,0.760779,0.307371,0.307371
31,8,0.139771,0.139771,3.725615,3.725345,-0.000270,0.518776,0.267038,0.267038
31,9,0.149414,0.149414,3.725615,3.725361,-0.000254,0.600834,0.272601,0.272601
31,10,0.116394,0.116394,3.725615,3.725323,-0.000292,0.358832,0.261474,0.261474
31,11,0.133057,0.133057,3.725615,3.726551,0.000936,0.477051,0.764951,0.477051
31,12,0.122925,0.122925,3.725615,3.725484,-0.000131,0.406120,0.311544,0.311544
31,13,0.151489,0.151489,3.725615,3.725417,-0.000198,0.609179,0.293463,0.293463
31,14,0.164917,0.164917,3.725615,3.726008,0.000393,0.689847,0.698192,0.689847
31,15,0.070435,0.070435,3.725615,3.725039,-0.000576,0.048679,0.222531,0.048679
31,16,0.180420,0.180420,3.725615,3.725059,-0.000556,0.780250,0.225313,0.225313
31,17,0.168579,0.168579,3.725615,3.726326,0.000711,0.714882,0.744089,0.714882
31,18,0.119324,0.119324,3.725615,3.725612,-0.000003,0.379694,0.411683,0.379694
31,19,0.138794,0.138794,3.725615,3.725345,-0.000270,0.511822,0.268428,0.268428
32,0,0.164185,0.164185,3.725615,3.725749,0.000134,0.687065,0.618915,0.618915
32,1,0.130127,0.130127,3.725615,3.725569,-0.000046,0.453407,0.371349,0.371349
32,2,0.195923,0.195923,3.725615,3.725602,-0.000013,0.834492,0.401947,0.401947
32,3,0.159058,0.159058,3.725615,3.725623,0.000008,0.660640,0.482615,0.482615
32,4,0.101807,0.101807,3.725615,3.725720,0.000105,0.248957,0.600834,0.248957
32,5,0.133057,0.133057,3.725615,3.725637,0.000022,0.478442,0.507650,0.478442
32,6,0.098267,0.098267,3.725615,3.725692,0.000077,0.222531,0.571627,0.222531
32,7,0.125244,0.125244,3.725615,3.725783,0.000168,0.421419,0.638387,0.421419
32,8,0.154663,0.154663,3.725615,3.725519,-0.000096,0.635605,0.335188,0.335188
32,9,0.200562,0.200562,3.725615,3.725724,0.000109,0.842837,0.602225,0.602225
32,10,0.210205,0.210205,3.725615,3.725865,0.000250,0.866481,0.667594,0.667594
32,11,0.154541,0.154541,3.725615,3.725573,-0.000042,0.634214,0.376912,0.376912
32,12,0.152344,0.152344,3.725615,3.726021,0.000406,0.616134,0.700974,0.616134
32,13,0.096069,0.096069,3.725615,3.725667,0.000052,0.205841,0.550765,0.205841
32,14,0.145874,0.145874,3.725615,3.725637,0.000022,0.579972,0.506259,0.506259
32,15,0.207275,0.207275,3.725615,3.725826,0.000211,0.859527,0.657858,0.657858
32,16,0.112122,0.112122,3.725615,3.725631,0.000016,0.336579,0.499305,0.336579
32,17,0.083984,0.083984,3.725615,3.725825,0.000210,0.144645,0.656467,0.144645
32,18,0.179932,0.179932,3.725615,3.725594,-0.000021,0.777469,0.393602,0.393602
32,19,0.177856,0.177856,3.725615,3.725693,0.000078,0.764951,0.573018,0.573018
33,0,0.108582,0.108582,3.725615,3.725724,0.000109,0.308762,0.603616,0.308762
33,1,0.045746,0.045746,3.725615,3.725701,0.000086,0.012517,0.578581,0.012517
33,2,0.080078,0.080078,3.725615,3.724555,-0.001060,0.123783,0.182197,0.123783
33,3,0.066406,0.066406,3.725615,3.724838,-0.000777,0.034771,0.198887,0.034771
33,4,0.117249,0.117249,3.725615,3.725522,-0.000093,0.365786,0.339360,0.339360
33,5,0.147095,0.147095,3.725615,3.724931,-0.000684,0.589708,0.207232,0.207232
33,6,0.132690,0.132690,3.725615,3.725646,0.000031,0.472879,0.521558,0.472879
33,7,0.105225,0.105225,3.725615,3.726015,0.000400,0.280946,0.699583,0.280946
33,8,0.140503,0.140503,3.725615,3.725883,0.000268,0.531293,0.670376,0.531293
33,9,0.120605,0.120605,3.725615,3.725404,-0.000211,0.392211,0.287900,0.287900
33,10,0.187500,0.187500,3.725615,3.725716,0.000101,0.816412,0.596662,0.596662
33,11,0.164673,0.164673,3.725615,3.725261,-0.000354,0.688456,0.250348,0.250348
33,12,0.096680,0.096680,3.725615,3.724316,-0.001299,0.211405,0.161335,0.161335
33,13,0.035065,0.035065,3.725615,3.725520,-0.000095,0.006954,0.337969,0.006954
33,14,0.159790,0.159790,3.725615,3.725758,0.000143,0.666203,0.623088,0.623088
33,15,0.128052,0.128052,3.725615,3.725387,-0.000228,0.438108,0.282337,0.282337
33,16,0.115051,0.115051,3.725615,3.725820,0.000205,0.349096,0.653686,0.349096
33,17,0.168701,0.168701,3.725615,3.725148,-0.000467,0.716273,0.237830,0.237830
33,18,0.142578,0.142578,3.725615,3.725441,-0.000174,0.556328,0.299026,0.299026
33,19,0.086304,0.086304,3.725615,3.725552,-0.000063,0.157163,0.361613,0.157163
34,0,0.015190,0.015190,3.725615,3.725087,-0.000528,0.001391,0.229485,0.001391
34,1,0.079285,0.079285,3.725615,3.724329,-0.001286,0.122392,0.162726,0.122392
34,2,0.077148,0.077148,3.725615,3.725136,-0.000479,0.109875,0.236439,0.109875
34,3,0.054047,0.054047,3.725615,3.725068,-0.000547,0.019471,0.226704,0.019471
34,4,0.162476,0.162476,3.725615,3.724233,-0.001382,0.678720,0.155772,0.155772
34,5,0.110168,0.110168,3.725615,3.725379,-0.000237,0.317107,0.278164,0.278164
34,6,0.103821,0.103821,3.725615,3.725253,-0.000362,0.267038,0.248957,0.248957
34,7,0.135376,0.135376,3.725615,3.725428,-0.000187,0.488178,0.294854,0.294854
34,8,0.092468,0.092468,3.725615,3.725116,-0.000499,0.189152,0.235049,0.189152
34,9,0.095276,0.095276,3.725615,3.725495,-0.000120,0.201669,0.318498,0.201669
34,10,0.201904,0.201904,3.725615,3.725436,-0.000179,0.847010,0.297636,0.297636
34,11,0.120422,0.120422,3.725615,3.723730,-0.001885,0.390821,0.134910,0.134910
34,12,0.091797,0.091797,3.725615,3.724408,-0.001207,0.183588,0.169680,0.169680
34,13,0.107361,0.107361,3.725615,3.724889,-0.000726,0.300417,0.204451,0.204451
34,14,0.080811,0.080811,3.725615,3.725109,-0.000506,0.129346,0.232267,0.129346
34,15,0.112732,0.112732,3.725615,3.724280,-0.001335,0.339360,0.158554,0.158554
34,16,0.126465,0.126465,3.725615,3.724889,-0.000726,0.429764,0.203060,0.203060
34,17,0.057770,0.057770,3.725615,3.723916,-0.001699,0.026426,0.141864,0.026426
34,18,0.108398,0.108398,3.725615,3.724503,-0.001112,0.305981,0.175243,0.175243
34,19,0.057190,0.057190,3.725615,3.725893,0.000278,0.025035,0.674548,0.025035
35,0,0.138428,0.138428,3.725615,3.725799,0.000184,0.507650,0.645341,0.507650
35,1,0.095886,0.095886,3.725615,3.725532,-0.000083,0.203060,0.346314,0.203060
35,2,0.101685,0.101685,3.725615,3.725520,-0.000095,0.246175,0.336579,0.246175
35,3,0.188354,0.188354,3.725615,3.725891,0.000276,0.819193,0.673157,0.673157
35,4,0.121216,0.121216,3.725615,3.725654,0.000039,0.399166,0.532684,0.399166
35,5,0.092346,0.092346,3.725615,3.725758,0.000143,0.187761,0.624478,0.187761
35,6,0.110901,0.110901,3.725615,3.725638,0.000023,0.324061,0.509040,0.324061
35,7,0.128418,0.128418,3.725615,3.725470,-0.000145,0.440890,0.308762,0.308762
35,8,0.154419,0.154419,3.725615,3.725677,0.000062,0.631433,0.563282,0.563282
35,9,0.119934,0.119934,3.725615,3.725607,-0.000008,0.385257,0.404729,0.385257
35,10,0.128662,0.128662,3.725615,3.725658,0.000043,0.445063,0.542420,0.445063
35,11,0.094055,0.094055,3.725615,3.725494,-0.000121,0.193324,0.317107,0.193324
35,12,0.100952,0.100952,3.725615,3.725647,0.000032,0.242003,0.524339,0.242003
35,13,0.178833,0.178833,3.725615,3.725911,0.000296,0.771905,0.678720,0.678720
35,14,0.148438,0.148438,3.725615,3.725565,-0.000050,0.595271,0.368567,0.368567
35,15,0.140259,0.140259,3.725615,3.725573,-0.000042,0.529903,0.378303,0.378303
35,16,0.118469,0.118469,3.725615,3.725283,-0.000332,0.376912,0.257302,0.257302
35,17,0.184448,0.184448,3.725615,3.725657,0.000042,0.803894,0.539638,0.539638
35,18,0.111816,0.111816,3.725615,3.725585,-0.000030,0.335188,0.390821,0.335188
35,19,0.140747,0.140747,3.725615,3.725596,-0.000019,0.534075,0.394993,0.394993
