layer,head,score,baseline_logp_target,baseline_logp_distractor,ablated_logp_target,ablated_logp_distractor,delta_target,delta_distractor
0,0,-0.010661,-2.406250,-2.613881,-2.344806,-2.624542,-0.061444,-0.010661
0,1,0.095269,-2.406250,-2.613881,-2.339270,-2.518612,-0.066979,0.095269
0,2,-0.023975,-2.406250,-2.613881,-2.348663,-2.637856,-0.057587,-0.023975
0,3,0.066630,-2.406250,-2.613881,-2.273640,-2.547251,-0.132610,0.066630
0,4,-0.001524,-2.406250,-2.613881,-2.364603,-2.615405,-0.041647,-0.001524
0,5,-0.021000,-2.406250,-2.613881,-2.424004,-2.634881,0.017754,-0.021000
0,6,0.001448,-2.406250,-2.613881,-2.472400,-2.612432,0.066150,0.001448
0,7,0.018372,-2.406250,-2.613881,-2.333697,-2.595509,-0.072553,0.018372
0,8,0.032555,-2.406250,-2.613881,-2.438941,-2.581326,0.032691,0.032555
0,9,-0.032371,-2.406250,-2.613881,-2.417135,-2.646252,0.010885,-0.032371
0,10,0.030159,-2.406250,-2.613881,-2.353818,-2.583722,-0.052432,0.030159
0,11,-0.001080,-2.406250,-2.613881,-2.418447,-2.614960,0.012197,-0.001080
0,12,-0.004662,-2.406250,-2.613881,-2.341206,-2.618543,-0.065044,-0.004662
0,13,0.004650,-2.406250,-2.613881,-2.386516,-2.609231,-0.019734,0.004650
0,14,-0.003326,-2.406250,-2.613881,-2.389462,-2.617207,-0.016788,-0.003326
0,15,-0.020075,-2.406250,-2.613881,-2.379698,-2.633955,-0.026551,-0.020075
0,16,0.022496,-2.406250,-2.613881,-2.387989,-2.591384,-0.018261,0.022496
0,17,-0.023828,-2.406250,-2.613881,-2.431703,-2.637709,0.025453,-0.023828
0,18,0.008559,-2.406250,-2.613881,-2.391473,-2.605322,-0.014777,0.008559
0,19,-0.016916,-2.406250,-2.613881,-2.391463,-2.630797,-0.014787,-0.016916
1,0,0.006876,-2.406250,-2.613881,-2.392886,-2.607004,-0.013363,0.006876
1,1,-0.013554,-2.406250,-2.613881,-2.342416,-2.627435,-0.063834,-0.013554
1,2,-0.064719,-2.406250,-2.613881,-2.239707,-2.678600,-0.166543,-0.064719
1,3,-0.001592,-2.406250,-2.613881,-2.405634,-2.615473,-0.000616,-0.001592
1,4,-0.001271,-2.406250,-2.613881,-2.410115,-2.615152,0.003865,-0.001271
1,5,0.000505,-2.406250,-2.613881,-2.403406,-2.613375,-0.002844,0.000505
1,6,-0.005717,-2.406250,-2.613881,-2.398150,-2.619598,-0.008100,-0.005717
1,7,-0.033083,-2.406250,-2.613881,-2.301344,-2.646964,-0.104906,-0.033083
1,8,0.004719,-2.406250,-2.613881,-2.403409,-2.609162,-0.002841,0.004719
1,9,-0.007337,-2.406250,-2.613881,-2.377669,-2.621218,-0.028581,-0.007337
1,10,0.013357,-2.406250,-2.613881,-2.389153,-2.600524,-0.017096,0.013357
1,11,0.005318,-2.406250,-2.613881,-2.402513,-2.608563,-0.003736,0.005318
1,12,0.004717,-2.406250,-2.613881,-2.399954,-2.609164,-0.006296,0.004717
1,13,-0.003132,-2.406250,-2.613881,-2.383569,-2.617013,-0.022681,-0.003132
1,14,0.003882,-2.406250,-2.613881,-2.388459,-2.609999,-0.017791,0.003882
1,15,0.000411,-2.406250,-2.613881,-2.409607,-2.613470,0.003358,0.000411
1,16,0.001060,-2.406250,-2.613881,-2.357645,-2.612821,-0.048605,0.001060
1,17,0.053732,-2.406250,-2.613881,-2.310341,-2.560149,-0.095909,0.053732
1,18,0.029770,-2.406250,-2.613881,-2.372354,-2.584111,-0.033896,0.029770
1,19,-0.000537,-2.406250,-2.613881,-2.394297,-2.614418,-0.011953,-0.000537
2,0,-0.007210,-2.406250,-2.613881,-2.397314,-2.621091,-0.008936,-0.007210
2,1,-0.001669,-2.406250,-2.613881,-2.410855,-2.615550,0.004605,-0.001669
2,2,0.001367,-2.406250,-2.613881,-2.404089,-2.612514,-0.002161,0.001367
2,3,-0.003363,-2.406250,-2.613881,-2.409342,-2.617244,0.003092,-0.003363
2,4,0.004727,-2.406250,-2.613881,-2.398423,-2.609154,-0.007827,0.004727
2,5,-0.013101,-2.406250,-2.613881,-2.415525,-2.626982,0.009276,-0.013101
2,6,-0.002495,-2.406250,-2.613881,-2.408785,-2.616375,0.002536,-0.002495
2,7,0.003483,-2.406250,-2.613881,-2.408794,-2.610398,0.002545,0.003483
2,8,0.012597,-2.406250,-2.613881,-2.428116,-2.601284,0.021867,0.012597
2,9,0.001466,-2.406250,-2.613881,-2.407355,-2.612415,0.001106,0.001466
2,10,-0.002383,-2.406250,-2.613881,-2.396598,-2.616264,-0.009651,-0.002383
2,11,0.007331,-2.406250,-2.613881,-2.406891,-2.606550,0.000641,0.007331
2,12,-0.002752,-2.406250,-2.613881,-2.395258,-2.616633,-0.010991,-0.002752
2,13,0.005519,-2.406250,-2.613881,-2.409373,-2.608362,0.003124,0.005519
2,14,-0.005111,-2.406250,-2.613881,-2.406082,-2.618992,-0.000168,-0.005111
2,15,0.001257,-2.406250,-2.613881,-2.401658,-2.612624,-0.004592,0.001257
2,16,0.003342,-2.406250,-2.613881,-2.397814,-2.610538,-0.008436,0.003342
2,17,0.003393,-2.406250,-2.613881,-2.390487,-2.610487,-0.015763,0.003393
2,18,0.002292,-2.406250,-2.613881,-2.402778,-2.611589,-0.003472,0.002292
2,19,0.010660,-2.406250,-2.613881,-2.391697,-2.603221,-0.014553,0.010660
3,0,-0.002355,-2.406250,-2.613881,-2.394017,-2.616236,-0.012233,-0.002355
3,1,0.019402,-2.406250,-2.613881,-2.413400,-2.594479,0.007150,0.019402
3,2,0.013320,-2.406250,-2.613881,-2.407389,-2.600561,0.001140,0.013320
3,3,-0.008941,-2.406250,-2.613881,-2.405424,-2.622822,-0.000826,-0.008941
3,4,0.025135,-2.406250,-2.613881,-2.493302,-2.588746,0.087052,0.025135
3,5,-0.007237,-2.406250,-2.613881,-2.393525,-2.621118,-0.012725,-0.007237
3,6,0.004338,-2.406250,-2.613881,-2.413290,-2.609543,0.007040,0.004338
3,7,0.014891,-2.406250,-2.613881,-2.425201,-2.598990,0.018951,0.014891
3,8,0.006125,-2.406250,-2.613881,-2.397796,-2.607755,-0.008453,0.006125
3,9,-0.000190,-2.406250,-2.613881,-2.400070,-2.614071,-0.006180,-0.000190
3,10,-0.003061,-2.406250,-2.613881,-2.396127,-2.616942,-0.010122,-0.003061
3,11,0.004647,-2.406250,-2.613881,-2.414139,-2.609234,0.007890,0.004647
3,12,0.008590,-2.406250,-2.613881,-2.412120,-2.605290,0.005870,0.008590
3,13,0.022061,-2.406250,-2.613881,-2.403529,-2.591820,-0.002721,0.022061
3,14,0.010634,-2.406250,-2.613881,-2.430899,-2.603247,0.024649,0.010634
3,15,-0.000393,-2.406250,-2.613881,-2.411694,-2.614274,0.005445,-0.000393
3,16,0.009005,-2.406250,-2.613881,-2.408043,-2.604876,0.001793,0.009005
3,17,0.000109,-2.406250,-2.613881,-2.424762,-2.613772,0.018512,0.000109
3,18,-0.001339,-2.406250,-2.613881,-2.396243,-2.615220,-0.010007,-0.001339
3,19,0.036442,-2.406250,-2.613881,-2.428528,-2.577439,0.022278,0.036442
4,0,0.003803,-2.406250,-2.613881,-2.463806,-2.610078,0.057556,0.003803
4,1,0.014905,-2.406250,-2.613881,-2.459853,-2.598976,0.053603,0.014905
4,2,0.028267,-2.406250,-2.613881,-2.419501,-2.585614,0.013252,0.028267
4,3,0.013904,-2.406250,-2.613881,-2.407499,-2.599977,0.001249,0.013904
4,4,0.002975,-2.406250,-2.613881,-2.409284,-2.610906,0.003034,0.002975
4,5,0.037275,-2.406250,-2.613881,-2.447016,-2.576606,0.040766,0.037275
4,6,0.010051,-2.406250,-2.613881,-2.418657,-2.603830,0.012407,0.010051
4,7,0.014768,-2.406250,-2.613881,-2.407938,-2.599113,0.001688,0.014768
4,8,0.002490,-2.406250,-2.613881,-2.413933,-2.611391,0.007683,0.002490
4,9,-0.003228,-2.406250,-2.613881,-2.410341,-2.617109,0.004091,-0.003228
4,10,0.017819,-2.406250,-2.613881,-2.417660,-2.596062,0.011410,0.017819
4,11,0.013124,-2.406250,-2.613881,-2.377294,-2.600757,-0.028956,0.013124
4,12,0.027585,-2.406250,-2.613881,-2.406872,-2.586296,0.000622,0.027585
4,13,-0.010270,-2.406250,-2.613881,-2.464429,-2.624151,0.058179,-0.010270
4,14,-0.001694,-2.406250,-2.613881,-2.411691,-2.615575,0.005441,-0.001694
4,15,0.007384,-2.406250,-2.613881,-2.399016,-2.606497,-0.007234,0.007384
4,16,0.028877,-2.406250,-2.613881,-2.392659,-2.585004,-0.013590,0.028877
4,17,-0.011841,-2.406250,-2.613881,-2.396204,-2.625722,-0.010046,-0.011841
4,18,0.004735,-2.406250,-2.613881,-2.409257,-2.609146,0.003007,0.004735
4,19,0.001793,-2.406250,-2.613881,-2.424301,-2.612088,0.018051,0.001793
5,0,0.038608,-2.406250,-2.613881,-2.372003,-2.575273,-0.034247,0.038608
5,1,0.030052,-2.406250,-2.613881,-2.395396,-2.583829,-0.010854,0.030052
5,2,-0.000970,-2.406250,-2.613881,-2.407199,-2.614851,0.000949,-0.000970
5,3,0.054266,-2.406250,-2.613881,-2.358611,-2.559614,-0.047638,0.054266
5,4,0.026415,-2.406250,-2.613881,-2.403227,-2.587466,-0.003022,0.026415
5,5,0.038384,-2.406250,-2.613881,-2.390326,-2.575496,-0.015924,0.038384
5,6,0.001805,-2.406250,-2.613881,-2.408058,-2.612076,0.001808,0.001805
5,7,0.003979,-2.406250,-2.613881,-2.406738,-2.609902,0.000488,0.003979
5,8,0.002394,-2.406250,-2.613881,-2.400154,-2.611487,-0.006095,0.002394
5,9,0.020950,-2.406250,-2.613881,-2.395185,-2.592931,-0.011065,0.020950
5,10,0.019542,-2.406250,-2.613881,-2.382410,-2.594338,-0.023840,0.019542
5,11,-0.101053,-2.406250,-2.613881,-2.417304,-2.714933,0.011054,-0.101053
5,12,0.005256,-2.406250,-2.613881,-2.391290,-2.608625,-0.014960,0.005256
5,13,0.107826,-2.406250,-2.613881,-2.400570,-2.506055,-0.005679,0.107826
5,14,0.019203,-2.406250,-2.613881,-2.424562,-2.594677,0.018312,0.019203
5,15,0.010108,-2.406250,-2.613881,-2.386532,-2.603773,-0.019718,0.010108
5,16,0.024113,-2.406250,-2.613881,-2.408597,-2.589768,0.002347,0.024113
5,17,-0.002244,-2.406250,-2.613881,-2.412984,-2.616124,0.006734,-0.002244
5,18,0.000228,-2.406250,-2.613881,-2.390058,-2.613653,-0.016192,0.000228
5,19,0.022074,-2.406250,-2.613881,-2.396196,-2.591807,-0.010054,0.022074
6,0,0.030826,-2.406250,-2.613881,-2.399632,-2.583055,-0.006618,0.030826
6,1,0.004918,-2.406250,-2.613881,-2.386078,-2.608963,-0.020172,0.004918
6,2,-0.000302,-2.406250,-2.613881,-2.406134,-2.614183,-0.000115,-0.000302
6,3,-0.016478,-2.406250,-2.613881,-2.399806,-2.630359,-0.006444,-0.016478
6,4,0.035972,-2.406250,-2.613881,-2.391200,-2.577909,-0.015050,0.035972
6,5,-0.021525,-2.406250,-2.613881,-2.413955,-2.635406,0.007705,-0.021525
6,6,0.008777,-2.406250,-2.613881,-2.389505,-2.605103,-0.016744,0.008777
6,7,0.005003,-2.406250,-2.613881,-2.311464,-2.608878,-0.094786,0.005003
6,8,0.012213,-2.406250,-2.613881,-2.402229,-2.601668,-0.004020,0.012213
6,9,0.036741,-2.406250,-2.613881,-2.389131,-2.577140,-0.017119,0.036741
6,10,-0.002303,-2.406250,-2.613881,-2.403106,-2.616184,-0.003144,-0.002303
6,11,0.004922,-2.406250,-2.613881,-2.376451,-2.608959,-0.029799,0.004922
6,12,0.028026,-2.406250,-2.613881,-2.357955,-2.585855,-0.048294,0.028026
6,13,0.000168,-2.406250,-2.613881,-2.415389,-2.613713,0.009139,0.000168
6,14,0.056309,-2.406250,-2.613881,-2.393448,-2.557572,-0.012802,0.056309
6,15,-0.002172,-2.406250,-2.613881,-2.417199,-2.616053,0.010949,-0.002172
6,16,0.006566,-2.406250,-2.613881,-2.409004,-2.607315,0.002755,0.006566
6,17,0.022578,-2.406250,-2.613881,-2.418719,-2.591302,0.012469,0.022578
6,18,0.014783,-2.406250,-2.613881,-2.402046,-2.599098,-0.004204,0.014783
6,19,0.029981,-2.406250,-2.613881,-2.353433,-2.583900,-0.052817,0.029981
7,0,-0.002245,-2.406250,-2.613881,-2.401126,-2.616126,-0.005124,-0.002245
7,1,0.095664,-2.406250,-2.613881,-2.345039,-2.518217,-0.061211,0.095664
7,2,0.042840,-2.406250,-2.613881,-2.389293,-2.571041,-0.016956,0.042840
7,3,-0.000816,-2.406250,-2.613881,-2.411545,-2.614697,0.005296,-0.000816
7,4,0.025274,-2.406250,-2.613881,-2.390771,-2.588607,-0.015479,0.025274
7,5,0.040527,-2.406250,-2.613881,-2.399332,-2.573354,-0.006918,0.040527
7,6,0.010866,-2.406250,-2.613881,-2.370415,-2.603014,-0.035835,0.010866
7,7,0.016506,-2.406250,-2.613881,-2.404036,-2.597375,-0.002213,0.016506
7,8,0.043338,-2.406250,-2.613881,-2.372292,-2.570543,-0.033958,0.043338
7,9,-0.000439,-2.406250,-2.613881,-2.405368,-2.614320,-0.000882,-0.000439
7,10,-0.007470,-2.406250,-2.613881,-2.404667,-2.621351,-0.001582,-0.007470
7,11,0.247060,-2.406250,-2.613881,-2.378397,-2.366821,-0.027853,0.247060
7,12,0.012547,-2.406250,-2.613881,-2.403828,-2.601334,-0.002422,0.012547
7,13,0.008340,-2.406250,-2.613881,-2.405151,-2.605541,-0.001098,0.008340
7,14,0.101283,-2.406250,-2.613881,-2.381755,-2.512598,-0.024495,0.101283
7,15,-0.004293,-2.406250,-2.613881,-2.402674,-2.618174,-0.003576,-0.004293
7,16,0.015671,-2.406250,-2.613881,-2.404479,-2.598210,-0.001771,0.015671
7,17,0.033724,-2.406250,-2.613881,-2.379280,-2.580157,-0.026970,0.033724
7,18,0.032297,-2.406250,-2.613881,-2.394175,-2.581584,-0.012074,0.032297
7,19,0.010626,-2.406250,-2.613881,-2.386817,-2.603255,-0.019433,0.010626
8,0,-0.009517,-2.406250,-2.613881,-2.426323,-2.623398,0.020073,-0.009517
8,1,-0.010784,-2.406250,-2.613881,-2.399765,-2.624665,-0.006485,-0.010784
8,2,-0.009070,-2.406250,-2.613881,-2.396855,-2.622951,-0.009394,-0.009070
8,3,-0.005990,-2.406250,-2.613881,-2.406201,-2.619871,-0.000049,-0.005990
8,4,0.008994,-2.406250,-2.613881,-2.451617,-2.604887,0.045367,0.008994
8,5,-0.000151,-2.406250,-2.613881,-2.405005,-2.614032,-0.001244,-0.000151
8,6,-0.004134,-2.406250,-2.613881,-2.401867,-2.618015,-0.004382,-0.004134
8,7,0.000293,-2.406250,-2.613881,-2.433851,-2.613588,0.027601,0.000293
8,8,-0.002683,-2.406250,-2.613881,-2.401624,-2.616564,-0.004626,-0.002683
8,9,-0.005401,-2.406250,-2.613881,-2.408982,-2.619282,0.002733,-0.005401
8,10,0.000271,-2.406250,-2.613881,-2.375457,-2.613610,-0.030793,0.000271
8,11,-0.016494,-2.406250,-2.613881,-2.426390,-2.630375,0.020141,-0.016494
8,12,0.009190,-2.406250,-2.613881,-2.407723,-2.604691,0.001473,0.009190
8,13,-0.011301,-2.406250,-2.613881,-2.399605,-2.625182,-0.006644,-0.011301
8,14,-0.015879,-2.406250,-2.613881,-2.398744,-2.629760,-0.007506,-0.015879
8,15,0.014877,-2.406250,-2.613881,-2.400622,-2.599004,-0.005628,0.014877
8,16,-0.002899,-2.406250,-2.613881,-2.407276,-2.616780,0.001026,-0.002899
8,17,-0.003332,-2.406250,-2.613881,-2.390096,-2.617213,-0.016154,-0.003332
8,18,-0.005892,-2.406250,-2.613881,-2.396956,-2.619773,-0.009294,-0.005892
8,19,-0.002754,-2.406250,-2.613881,-2.404707,-2.616635,-0.001543,-0.002754
9,0,-0.010141,-2.406250,-2.613881,-2.385391,-2.624022,-0.020859,-0.010141
9,1,-0.003227,-2.406250,-2.613881,-2.469228,-2.617108,0.062979,-0.003227
9,2,0.013097,-2.406250,-2.613881,-2.393832,-2.600784,-0.012418,0.013097
9,3,0.010554,-2.406250,-2.613881,-2.408803,-2.603327,0.002553,0.010554
9,4,-0.006999,-2.406250,-2.613881,-2.402235,-2.620879,-0.004014,-0.006999
9,5,-0.000730,-2.406250,-2.613881,-2.404834,-2.614611,-0.001416,-0.000730
9,6,-0.000936,-2.406250,-2.613881,-2.402151,-2.614816,-0.004099,-0.000936
9,7,0.002765,-2.406250,-2.613881,-2.399826,-2.611115,-0.006424,0.002765
9,8,-0.007236,-2.406250,-2.613881,-2.397186,-2.621117,-0.009064,-0.007236
9,9,0.000669,-2.406250,-2.613881,-2.403311,-2.613212,-0.002939,0.000669
9,10,0.004145,-2.406250,-2.613881,-2.412305,-2.609735,0.006055,0.004145
9,11,0.000601,-2.406250,-2.613881,-2.391075,-2.613280,-0.015175,0.000601
9,12,-0.002366,-2.406250,-2.613881,-2.405676,-2.616247,-0.000574,-0.002366
9,13,-0.004044,-2.406250,-2.613881,-2.413785,-2.617925,0.007535,-0.004044
9,14,0.003160,-2.406250,-2.613881,-2.398186,-2.610721,-0.008064,0.003160
9,15,-0.011948,-2.406250,-2.613881,-2.417133,-2.625829,0.010883,-0.011948
9,16,-0.002171,-2.406250,-2.613881,-2.398531,-2.616051,-0.007719,-0.002171
9,17,0.013533,-2.406250,-2.613881,-2.421915,-2.600348,0.015666,0.013533
9,18,-0.007126,-2.406250,-2.613881,-2.416284,-2.621006,0.010034,-0.007126
9,19,-0.011877,-2.406250,-2.613881,-2.390435,-2.625758,-0.015815,-0.011877
10,0,-0.012597,-2.406250,-2.613881,-2.393496,-2.626478,-0.012754,-0.012597
10,1,-0.012917,-2.406250,-2.613881,-2.406811,-2.626798,0.000561,-0.012917
10,2,-0.001676,-2.406250,-2.613881,-2.389798,-2.615556,-0.016452,-0.001676
10,3,0.003212,-2.406250,-2.613881,-2.400971,-2.610669,-0.005278,0.003212
10,4,0.008662,-2.406250,-2.613881,-2.397030,-2.605218,-0.009219,0.008662
10,5,-0.013968,-2.406250,-2.613881,-2.412316,-2.627849,0.006066,-0.013968
10,6,0.000107,-2.406250,-2.613881,-2.378102,-2.613774,-0.028148,0.000107
10,7,-0.010204,-2.406250,-2.613881,-2.411919,-2.624085,0.005670,-0.010204
10,8,-0.000107,-2.406250,-2.613881,-2.411726,-2.613987,0.005476,-0.000107
10,9,-0.003094,-2.406250,-2.613881,-2.416039,-2.616975,0.009789,-0.003094
10,10,0.002786,-2.406250,-2.613881,-2.421663,-2.611094,0.015414,0.002786
10,11,0.019477,-2.406250,-2.613881,-2.443328,-2.594404,0.037078,0.019477
10,12,-0.005752,-2.406250,-2.613881,-2.388635,-2.619633,-0.017615,-0.005752
10,13,0.008433,-2.406250,-2.613881,-2.380069,-2.605448,-0.026181,0.008433
10,14,0.001055,-2.406250,-2.613881,-2.379144,-2.612826,-0.027106,0.001055
10,15,-0.002465,-2.406250,-2.613881,-2.381282,-2.616346,-0.024968,-0.002465
10,16,-0.011701,-2.406250,-2.613881,-2.384932,-2.625582,-0.021318,-0.011701
10,17,-0.007497,-2.406250,-2.613881,-2.442568,-2.621378,0.036318,-0.007497
10,18,0.009596,-2.406250,-2.613881,-2.388227,-2.604285,-0.018023,0.009596
10,19,-0.028228,-2.406250,-2.613881,-2.411928,-2.642109,0.005678,-0.028228
11,0,0.011274,-2.406250,-2.613881,-2.421200,-2.602607,0.014950,0.011274
11,1,-0.011592,-2.406250,-2.613881,-2.406780,-2.625473,0.000530,-0.011592
11,2,0.005443,-2.406250,-2.613881,-2.456162,-2.608438,0.049913,0.005443
11,3,0.021051,-2.406250,-2.613881,-2.424095,-2.592829,0.017845,0.021051
11,4,-0.016990,-2.406250,-2.613881,-2.388398,-2.630871,-0.017852,-0.016990
11,5,0.034678,-2.406250,-2.613881,-2.340035,-2.579203,-0.066214,0.034678
11,6,-0.006523,-2.406250,-2.613881,-2.396362,-2.620404,-0.009888,-0.006523
11,7,-0.002281,-2.406250,-2.613881,-2.379936,-2.616162,-0.026314,-0.002281
11,8,-0.000341,-2.406250,-2.613881,-2.420304,-2.614222,0.014054,-0.000341
11,9,0.015093,-2.406250,-2.613881,-2.386720,-2.598788,-0.019530,0.015093
11,10,0.020564,-2.406250,-2.613881,-2.426818,-2.593317,0.020569,0.020564
11,11,-0.005061,-2.406250,-2.613881,-2.429535,-2.618942,0.023285,-0.005061
11,12,-0.000345,-2.406250,-2.613881,-2.395344,-2.614226,-0.010906,-0.000345
11,13,-0.001338,-2.406250,-2.613881,-2.394067,-2.615219,-0.012183,-0.001338
11,14,0.002734,-2.406250,-2.613881,-2.374669,-2.611147,-0.031581,0.002734
11,15,0.003172,-2.406250,-2.613881,-2.400976,-2.610709,-0.005274,0.003172
11,16,-0.006076,-2.406250,-2.613881,-2.406422,-2.619957,0.000173,-0.006076
11,17,-0.023634,-2.406250,-2.613881,-2.365417,-2.637515,-0.040832,-0.023634
11,18,-0.057056,-2.406250,-2.613881,-2.404601,-2.670937,-0.001649,-0.057056
11,19,-0.009013,-2.406250,-2.613881,-2.397349,-2.622894,-0.008901,-0.009013
12,0,0.025586,-2.406250,-2.613881,-2.427157,-2.588295,0.020908,0.025586
12,1,0.000561,-2.406250,-2.613881,-2.414407,-2.613319,0.008157,0.000561
12,2,0.000598,-2.406250,-2.613881,-2.408019,-2.613282,0.001770,0.000598
12,3,0.011802,-2.406250,-2.613881,-2.382543,-2.602078,-0.023707,0.011802
12,4,0.052600,-2.406250,-2.613881,-2.397488,-2.561280,-0.008762,0.052600
12,5,-0.003721,-2.406250,-2.613881,-2.414205,-2.617601,0.007955,-0.003721
12,6,-0.009457,-2.406250,-2.613881,-2.443857,-2.623338,0.037607,-0.009457
12,7,0.002104,-2.406250,-2.613881,-2.395872,-2.611777,-0.010378,0.002104
12,8,-0.044611,-2.406250,-2.613881,-2.422880,-2.658492,0.016630,-0.044611
12,9,0.054538,-2.406250,-2.613881,-2.431416,-2.559343,0.025167,0.054538
12,10,0.017355,-2.406250,-2.613881,-2.408915,-2.596526,0.002665,0.017355
12,11,-0.004270,-2.406250,-2.613881,-2.415044,-2.618151,0.008794,-0.004270
12,12,0.019061,-2.406250,-2.613881,-2.391738,-2.594820,-0.014512,0.019061
12,13,-0.010921,-2.406250,-2.613881,-2.406237,-2.624802,-0.000013,-0.010921
12,14,0.025608,-2.406250,-2.613881,-2.412815,-2.588273,0.006565,0.025608
12,15,0.017153,-2.406250,-2.613881,-2.402539,-2.596728,-0.003711,0.017153
12,16,0.003382,-2.406250,-2.613881,-2.404889,-2.610498,-0.001361,0.003382
12,17,-0.011971,-2.406250,-2.613881,-2.386100,-2.625852,-0.020150,-0.011971
12,18,0.014481,-2.406250,-2.613881,-2.425771,-2.599400,0.019522,0.014481
12,19,0.012494,-2.406250,-2.613881,-2.425010,-2.601387,0.018760,0.012494
13,0,-0.008234,-2.406250,-2.613881,-2.439053,-2.622115,0.032803,-0.008234
13,1,-0.033270,-2.406250,-2.613881,-2.473859,-2.647151,0.067609,-0.033270
13,2,-0.059333,-2.406250,-2.613881,-2.267649,-2.673213,-0.138601,-0.059333
13,3,0.006624,-2.406250,-2.613881,-2.400676,-2.607256,-0.005574,0.006624
13,4,-0.017112,-2.406250,-2.613881,-2.418057,-2.630993,0.011807,-0.017112
13,5,-0.012712,-2.406250,-2.613881,-2.421942,-2.626592,0.015692,-0.012712
13,6,-0.038079,-2.406250,-2.613881,-2.415184,-2.651960,0.008934,-0.038079
13,7,0.058414,-2.406250,-2.613881,-2.466272,-2.555466,0.060022,0.058414
13,8,0.003167,-2.406250,-2.613881,-2.411711,-2.610714,0.005461,0.003167
13,9,0.014509,-2.406250,-2.613881,-2.364104,-2.599372,-0.042146,0.014509
13,10,0.020618,-2.406250,-2.613881,-2.453891,-2.593263,0.047641,0.020618
13,11,-0.023542,-2.406250,-2.613881,-2.389477,-2.637423,-0.016773,-0.023542
13,12,-0.005568,-2.406250,-2.613881,-2.406135,-2.619449,-0.000115,-0.005568
13,13,0.011975,-2.406250,-2.613881,-2.425641,-2.601906,0.019391,0.011975
13,14,-0.013672,-2.406250,-2.613881,-2.376205,-2.627553,-0.030045,-0.013672
13,15,0.014736,-2.406250,-2.613881,-2.418257,-2.599145,0.012007,0.014736
13,16,-0.002777,-2.406250,-2.613881,-2.408759,-2.616658,0.002509,-0.002777
13,17,0.044852,-2.406250,-2.613881,-2.355440,-2.569029,-0.050810,0.044852
13,18,0.016338,-2.406250,-2.613881,-2.396475,-2.597543,-0.009775,0.016338
13,19,0.001838,-2.406250,-2.613881,-2.429374,-2.612043,0.023124,0.001838
14,0,-0.011797,-2.406250,-2.613881,-2.467572,-2.625678,0.061322,-0.011797
14,1,-0.000039,-2.406250,-2.613881,-2.447192,-2.613920,0.040942,-0.000039
14,2,-0.005668,-2.406250,-2.613881,-2.393730,-2.619549,-0.012520,-0.005668
14,3,-0.029190,-2.406250,-2.613881,-2.427041,-2.643071,0.020791,-0.029190
14,4,0.018692,-2.406250,-2.613881,-2.388970,-2.595188,-0.017280,0.018692
14,5,0.006553,-2.406250,-2.613881,-2.386622,-2.607328,-0.019628,0.006553
14,6,-0.023564,-2.406250,-2.613881,-2.385116,-2.637445,-0.021134,-0.023564
14,7,-0.036491,-2.406250,-2.613881,-2.393588,-2.650372,-0.012662,-0.036491
14,8,0.005427,-2.406250,-2.613881,-2.410583,-2.608454,0.004333,0.005427
14,9,0.003022,-2.406250,-2.613881,-2.387519,-2.610859,-0.018731,0.003022
14,10,-0.008456,-2.406250,-2.613881,-2.385906,-2.622337,-0.020344,-0.008456
14,11,-0.035362,-2.406250,-2.613881,-2.427204,-2.649242,0.020954,-0.035362
14,12,0.018872,-2.406250,-2.613881,-2.406779,-2.595009,0.000529,0.018872
14,13,-0.008389,-2.406250,-2.613881,-2.427303,-2.622270,0.021054,-0.008389
14,14,-0.006918,-2.406250,-2.613881,-2.330895,-2.620799,-0.075355,-0.006918
14,15,-0.048002,-2.406250,-2.613881,-2.334142,-2.661883,-0.072107,-0.048002
14,16,-0.035860,-2.406250,-2.613881,-2.437008,-2.649741,0.030758,-0.035860
14,17,-0.020374,-2.406250,-2.613881,-2.490189,-2.634254,0.083939,-0.020374
14,18,-0.019233,-2.406250,-2.613881,-2.384622,-2.633114,-0.021628,-0.019233
14,19,-0.051661,-2.406250,-2.613881,-2.637416,-2.665541,0.231166,-0.051661
15,0,-0.023682,-2.406250,-2.613881,-2.434356,-2.637563,0.028106,-0.023682
15,1,0.020124,-2.406250,-2.613881,-2.311239,-2.593756,-0.095011,0.020124
15,2,0.011280,-2.406250,-2.613881,-2.420034,-2.602601,0.013785,0.011280
15,3,0.011549,-2.406250,-2.613881,-2.386964,-2.602331,-0.019286,0.011549
15,4,-0.016446,-2.406250,-2.613881,-2.436670,-2.630327,0.030420,-0.016446
15,5,-0.022063,-2.406250,-2.613881,-2.425923,-2.635944,0.019674,-0.022063
15,6,0.026698,-2.406250,-2.613881,-2.815368,-2.587183,0.409118,0.026698
15,7,-0.069155,-2.406250,-2.613881,-2.527654,-2.683036,0.121404,-0.069155
15,8,-0.001177,-2.406250,-2.613881,-2.404053,-2.615058,-0.002196,-0.001177
15,9,-0.000193,-2.406250,-2.613881,-2.414116,-2.614074,0.007866,-0.000193
15,10,-0.013480,-2.406250,-2.613881,-2.460726,-2.627361,0.054476,-0.013480
15,11,0.008584,-2.406250,-2.613881,-2.408880,-2.605297,0.002630,0.008584
15,12,0.049034,-2.406250,-2.613881,-2.187245,-2.564847,-0.219004,0.049034
15,13,-0.047649,-2.406250,-2.613881,-2.445002,-2.661530,0.038752,-0.047649
15,14,-0.013130,-2.406250,-2.613881,-2.441785,-2.627011,0.035535,-0.013130
15,15,0.060610,-2.406250,-2.613881,-2.472800,-2.553271,0.066550,0.060610
15,16,-0.021618,-2.406250,-2.613881,-2.401376,-2.635499,-0.004874,-0.021618
15,17,0.006610,-2.406250,-2.613881,-2.386435,-2.607271,-0.019815,0.006610
15,18,-0.000702,-2.406250,-2.613881,-2.426957,-2.614583,0.020707,-0.000702
15,19,-0.002129,-2.406250,-2.613881,-2.394475,-2.616010,-0.011775,-0.002129
16,0,0.040965,-2.406250,-2.613881,-2.456006,-2.572916,0.049756,0.040965
16,1,-0.010485,-2.406250,-2.613881,-2.291235,-2.624366,-0.115014,-0.010485
16,2,0.015669,-2.406250,-2.613881,-2.397253,-2.598212,-0.008997,0.015669
16,3,0.005304,-2.406250,-2.613881,-2.375075,-2.608577,-0.031175,0.005304
16,4,-0.020866,-2.406250,-2.613881,-2.427384,-2.634747,0.021135,-0.020866
16,5,-0.006714,-2.406250,-2.613881,-2.388425,-2.620595,-0.017825,-0.006714
16,6,-0.034399,-2.406250,-2.613881,-2.395143,-2.648279,-0.011107,-0.034399
16,7,-0.034361,-2.406250,-2.613881,-2.423520,-2.648242,0.017270,-0.034361
16,8,-0.016221,-2.406250,-2.613881,-2.360858,-2.630102,-0.045391,-0.016221
16,9,0.002785,-2.406250,-2.613881,-2.382213,-2.611096,-0.024037,0.002785
16,10,-0.006675,-2.406250,-2.613881,-2.390095,-2.620556,-0.016155,-0.006675
16,11,0.005343,-2.406250,-2.613881,-2.375552,-2.608538,-0.030698,0.005343
16,12,0.080747,-2.406250,-2.613881,-2.354466,-2.533134,-0.051783,0.080747
16,13,0.047827,-2.406250,-2.613881,-2.406678,-2.566054,0.000428,0.047827
16,14,-0.021975,-2.406250,-2.613881,-2.496556,-2.635856,0.090306,-0.021975
16,15,0.023190,-2.406250,-2.613881,-2.332390,-2.590691,-0.073860,0.023190
16,16,0.009229,-2.406250,-2.613881,-2.420258,-2.604652,0.014009,0.009229
16,17,-0.016021,-2.406250,-2.613881,-2.232437,-2.629902,-0.173813,-0.016021
16,18,-0.010537,-2.406250,-2.613881,-2.301724,-2.624418,-0.104526,-0.010537
16,19,0.047363,-2.406250,-2.613881,-2.692601,-2.566518,0.286351,0.047363
17,0,-0.020893,-2.406250,-2.613881,-2.404467,-2.634773,-0.001783,-0.020893
17,1,0.002103,-2.406250,-2.613881,-2.396296,-2.611778,-0.009954,0.002103
17,2,-0.017159,-2.406250,-2.613881,-2.409651,-2.631039,0.003401,-0.017159
17,3,0.102198,-2.406250,-2.613881,-2.414111,-2.511683,0.007861,0.102198
17,4,-0.051641,-2.406250,-2.613881,-2.408057,-2.665522,0.001807,-0.051641
17,5,-0.004816,-2.406250,-2.613881,-2.366547,-2.618697,-0.039703,-0.004816
17,6,-0.035028,-2.406250,-2.613881,-2.611249,-2.648909,0.205000,-0.035028
17,7,0.013947,-2.406250,-2.613881,-2.437553,-2.599934,0.031303,0.013947
17,8,0.001423,-2.406250,-2.613881,-2.401281,-2.612458,-0.004968,0.001423
17,9,0.046718,-2.406250,-2.613881,-2.456203,-2.567163,0.049953,0.046718
17,10,-0.024693,-2.406250,-2.613881,-2.396426,-2.638574,-0.009824,-0.024693
17,11,0.008721,-2.406250,-2.613881,-2.398380,-2.605160,-0.007870,0.008721
17,12,0.014317,-2.406250,-2.613881,-2.398111,-2.599564,-0.008139,0.014317
17,13,-0.031605,-2.406250,-2.613881,-2.409616,-2.645486,0.003366,-0.031605
17,14,0.002844,-2.406250,-2.613881,-2.449392,-2.611037,0.043142,0.002844
17,15,0.016371,-2.406250,-2.613881,-2.418122,-2.597510,0.011873,0.016371
17,16,-0.010661,-2.406250,-2.613881,-2.417461,-2.624542,0.011212,-0.010661
17,17,-0.012303,-2.406250,-2.613881,-2.433082,-2.626184,0.026832,-0.012303
17,18,-0.007503,-2.406250,-2.613881,-2.395855,-2.621384,-0.010395,-0.007503
17,19,0.004754,-2.406250,-2.613881,-2.385202,-2.609127,-0.021047,0.004754
18,0,-0.006233,-2.406250,-2.613881,-2.435969,-2.620113,0.029720,-0.006233
18,1,0.000509,-2.406250,-2.613881,-2.410321,-2.613372,0.004072,0.000509
18,2,-0.037708,-2.406250,-2.613881,-2.427810,-2.651588,0.021560,-0.037708
18,3,0.008844,-2.406250,-2.613881,-2.395164,-2.605037,-0.011085,0.008844
18,4,0.012635,-2.406250,-2.613881,-2.373326,-2.601246,-0.032923,0.012635
18,5,-0.001780,-2.406250,-2.613881,-2.425921,-2.615661,0.019672,-0.001780
18,6,-0.003158,-2.406250,-2.613881,-2.434155,-2.617039,0.027906,-0.003158
18,7,0.063435,-2.406250,-2.613881,-2.407516,-2.550446,0.001267,0.063435
18,8,-0.016759,-2.406250,-2.613881,-2.249299,-2.630640,-0.156951,-0.016759
18,9,0.031915,-2.406250,-2.613881,-2.376367,-2.581965,-0.029883,0.031915
18,10,-0.047023,-2.406250,-2.613881,-2.398746,-2.660903,-0.007504,-0.047023
18,11,0.003123,-2.406250,-2.613881,-2.389175,-2.610758,-0.017074,0.003123
18,12,0.000287,-2.406250,-2.613881,-2.410381,-2.613594,0.004131,0.000287
18,13,0.003258,-2.406250,-2.613881,-2.406488,-2.610623,0.000238,0.003258
18,14,-0.091264,-2.406250,-2.613881,-2.440979,-2.705145,0.034729,-0.091264
18,15,-0.023346,-2.406250,-2.613881,-2.425971,-2.637227,0.019721,-0.023346
18,16,-0.112723,-2.406250,-2.613881,-2.511057,-2.726604,0.104807,-0.112723
18,17,-0.049603,-2.406250,-2.613881,-2.419762,-2.663484,0.013513,-0.049603
18,18,0.010124,-2.406250,-2.613881,-2.406917,-2.603757,0.000667,0.010124
18,19,0.026893,-2.406250,-2.613881,-2.388771,-2.586988,-0.017479,0.026893
19,0,-0.030196,-2.406250,-2.613881,-2.361496,-2.644077,-0.044753,-0.030196
19,1,0.025829,-2.406250,-2.613881,-2.401901,-2.588052,-0.004348,0.025829
19,2,-0.007805,-2.406250,-2.613881,-2.398178,-2.621686,-0.008071,-0.007805
19,3,0.001110,-2.406250,-2.613881,-2.426495,-2.612771,0.020245,0.001110
19,4,0.012950,-2.406250,-2.613881,-2.443110,-2.600931,0.036861,0.012950
19,5,-0.008851,-2.406250,-2.613881,-2.421261,-2.622732,0.015011,-0.008851
19,6,0.005059,-2.406250,-2.613881,-2.470310,-2.608822,0.064060,0.005059
19,7,-0.000466,-2.406250,-2.613881,-2.392437,-2.614347,-0.013812,-0.000466
19,8,-0.022763,-2.406250,-2.613881,-2.413888,-2.636644,0.007638,-0.022763
19,9,0.006400,-2.406250,-2.613881,-2.482182,-2.607481,0.075932,0.006400
19,10,0.015444,-2.406250,-2.613881,-2.338886,-2.598437,-0.067364,0.015444
19,11,-0.005122,-2.406250,-2.613881,-2.348794,-2.619003,-0.057456,-0.005122
19,12,0.120489,-2.406250,-2.613881,-2.398424,-2.493392,-0.007825,0.120489
19,13,0.038048,-2.406250,-2.613881,-2.410970,-2.575833,0.004720,0.038048
19,14,-0.008043,-2.406250,-2.613881,-2.355000,-2.621924,-0.051250,-0.008043
19,15,0.013737,-2.406250,-2.613881,-2.381506,-2.600143,-0.024744,0.013737
19,16,-0.069998,-2.406250,-2.613881,-2.489556,-2.683879,0.083307,-0.069998
19,17,-0.022146,-2.406250,-2.613881,-2.418664,-2.636027,0.012415,-0.022146
19,18,0.000077,-2.406250,-2.613881,-2.391462,-2.613803,-0.014788,0.000077
19,19,0.031786,-2.406250,-2.613881,-2.446008,-2.582095,0.039758,0.031786
20,0,-0.000155,-2.406250,-2.613881,-2.452399,-2.614036,0.046149,-0.000155
20,1,0.011817,-2.406250,-2.613881,-2.404050,-2.602064,-0.002200,0.011817
20,2,0.001730,-2.406250,-2.613881,-2.408803,-2.612150,0.002553,0.001730
20,3,0.017705,-2.406250,-2.613881,-2.405337,-2.596176,-0.000913,0.017705
20,4,0.002298,-2.406250,-2.613881,-2.389247,-2.611583,-0.017003,0.002298
20,5,-0.089930,-2.406250,-2.613881,-2.617874,-2.703811,0.211624,-0.089930
20,6,-0.009536,-2.406250,-2.613881,-2.432312,-2.623416,0.026063,-0.009536
20,7,0.033735,-2.406250,-2.613881,-2.417047,-2.580146,0.010797,0.033735
20,8,-0.000740,-2.406250,-2.613881,-2.406133,-2.614621,-0.000116,-0.000740
20,9,0.025565,-2.406250,-2.613881,-2.416839,-2.588316,0.010589,0.025565
20,10,0.003801,-2.406250,-2.613881,-2.296971,-2.610080,-0.109279,0.003801
20,11,0.003410,-2.406250,-2.613881,-2.418332,-2.610471,0.012082,0.003410
20,12,0.016243,-2.406250,-2.613881,-2.400485,-2.597638,-0.005765,0.016243
20,13,0.006255,-2.406250,-2.613881,-2.407179,-2.607626,0.000929,0.006255
20,14,0.011440,-2.406250,-2.613881,-2.412388,-2.602441,0.006139,0.011440
20,15,-0.013131,-2.406250,-2.613881,-2.409132,-2.627012,0.002883,-0.013131
20,16,0.002618,-2.406250,-2.613881,-2.383362,-2.611263,-0.022887,0.002618
20,17,0.001954,-2.406250,-2.613881,-2.404909,-2.611927,-0.001341,0.001954
20,18,-0.003078,-2.406250,-2.613881,-2.403383,-2.616959,-0.002867,-0.003078
20,19,0.025353,-2.406250,-2.613881,-2.404382,-2.588528,-0.001868,0.025353
21,0,0.008151,-2.406250,-2.613881,-2.410286,-2.605730,0.004036,0.008151
21,1,-0.019134,-2.406250,-2.613881,-2.414502,-2.633015,0.008252,-0.019134
21,2,-0.023593,-2.406250,-2.613881,-2.431431,-2.637474,0.025181,-0.023593
21,3,-0.088575,-2.406250,-2.613881,-2.443174,-2.702456,0.036924,-0.088575
21,4,-0.000677,-2.406250,-2.613881,-2.401699,-2.614558,-0.004551,-0.000677
21,5,0.007252,-2.406250,-2.613881,-2.427436,-2.606628,0.021186,0.007252
21,6,0.004124,-2.406250,-2.613881,-2.416012,-2.609757,0.009763,0.004124
21,7,0.001033,-2.406250,-2.613881,-2.394202,-2.612848,-0.012048,0.001033
21,8,-0.001960,-2.406250,-2.613881,-2.391383,-2.615840,-0.014867,-0.001960
21,9,0.002093,-2.406250,-2.613881,-2.407479,-2.611788,0.001229,0.002093
21,10,0.055305,-2.406250,-2.613881,-2.349054,-2.558576,-0.057196,0.055305
21,11,0.008404,-2.406250,-2.613881,-2.418142,-2.605476,0.011893,0.008404
21,12,-0.037313,-2.406250,-2.613881,-2.523477,-2.651194,0.117227,-0.037313
21,13,-0.013434,-2.406250,-2.613881,-2.380558,-2.627315,-0.025691,-0.013434
21,14,0.006123,-2.406250,-2.613881,-2.413443,-2.607758,0.007193,0.006123
21,15,-0.004110,-2.406250,-2.613881,-2.395000,-2.617990,-0.011250,-0.004110
21,16,0.011648,-2.406250,-2.613881,-2.393102,-2.602233,-0.013148,0.011648
21,17,0.013891,-2.406250,-2.613881,-2.426680,-2.599989,0.020430,0.013891
21,18,-0.083578,-2.406250,-2.613881,-2.420725,-2.697459,0.014476,-0.083578
21,19,-0.010932,-2.406250,-2.613881,-2.427789,-2.624813,0.021539,-0.010932
22,0,0.020246,-2.406250,-2.613881,-2.387254,-2.593635,-0.018996,0.020246
22,1,-0.014330,-2.406250,-2.613881,-2.418143,-2.628211,0.011894,-0.014330
22,2,0.015954,-2.406250,-2.613881,-2.435391,-2.597927,0.029142,0.015954
22,3,0.033930,-2.406250,-2.613881,-2.358830,-2.579951,-0.047420,0.033930
22,4,-0.006271,-2.406250,-2.613881,-2.401852,-2.620152,-0.004398,-0.006271
22,5,-0.043033,-2.406250,-2.613881,-2.385080,-2.656914,-0.021169,-0.043033
22,6,-0.002705,-2.406250,-2.613881,-2.439802,-2.616586,0.033552,-0.002705
22,7,-0.004607,-2.406250,-2.613881,-2.412372,-2.618488,0.006122,-0.004607
22,8,-0.010544,-2.406250,-2.613881,-2.425760,-2.624425,0.019511,-0.010544
22,9,0.006024,-2.406250,-2.613881,-2.401942,-2.607857,-0.004308,0.006024
22,10,-0.007987,-2.406250,-2.613881,-2.406618,-2.621868,0.000368,-0.007987
22,11,-0.003554,-2.406250,-2.613881,-2.414337,-2.617435,0.008087,-0.003554
22,12,-0.019029,-2.406250,-2.613881,-2.389607,-2.632910,-0.016642,-0.019029
22,13,-0.016353,-2.406250,-2.613881,-2.434323,-2.630234,0.028073,-0.016353
22,14,-0.002116,-2.406250,-2.613881,-2.387474,-2.615997,-0.018775,-0.002116
22,15,-0.003286,-2.406250,-2.613881,-2.417772,-2.617167,0.011523,-0.003286
22,16,-0.131793,-2.406250,-2.613881,-2.533527,-2.745674,0.127277,-0.131793
22,17,-0.006691,-2.406250,-2.613881,-2.464227,-2.620572,0.057977,-0.006691
22,18,-0.006378,-2.406250,-2.613881,-2.415772,-2.620259,0.009523,-0.006378
22,19,0.001145,-2.406250,-2.613881,-2.408914,-2.612736,0.002664,0.001145
23,0,0.005254,-2.406250,-2.613881,-2.418553,-2.608627,0.012303,0.005254
23,1,-0.013006,-2.406250,-2.613881,-2.414969,-2.626887,0.008720,-0.013006
23,2,0.072892,-2.406250,-2.613881,-2.392089,-2.540988,-0.014160,0.072892
23,3,-0.191719,-2.406250,-2.613881,-2.614517,-2.805599,0.208268,-0.191719
23,4,0.024846,-2.406250,-2.613881,-2.376441,-2.589035,-0.029808,0.024846
23,5,-0.028386,-2.406250,-2.613881,-2.388570,-2.642267,-0.017680,-0.028386
23,6,0.006112,-2.406250,-2.613881,-2.410153,-2.607769,0.003904,0.006112
23,7,-0.015598,-2.406250,-2.613881,-2.407846,-2.629479,0.001596,-0.015598
23,8,-0.006418,-2.406250,-2.613881,-2.400311,-2.620299,-0.005939,-0.006418
23,9,-0.004278,-2.406250,-2.613881,-2.412927,-2.618159,0.006677,-0.004278
23,10,0.010118,-2.406250,-2.613881,-2.404238,-2.603763,-0.002011,0.010118
23,11,0.001958,-2.406250,-2.613881,-2.387976,-2.611923,-0.018273,0.001958
23,12,0.006318,-2.406250,-2.613881,-2.391343,-2.607563,-0.014906,0.006318
23,13,-0.002250,-2.406250,-2.613881,-2.409792,-2.616131,0.003543,-0.002250
23,14,0.019885,-2.406250,-2.613881,-2.398394,-2.593996,-0.007855,0.019885
23,15,0.008762,-2.406250,-2.613881,-2.416628,-2.605119,0.010378,0.008762
23,16,0.000854,-2.406250,-2.613881,-2.391643,-2.613027,-0.014607,0.000854
23,17,-0.016483,-2.406250,-2.613881,-2.421537,-2.630364,0.015287,-0.016483
23,18,-0.024867,-2.406250,-2.613881,-2.619272,-2.638747,0.213022,-0.024867
23,19,0.032796,-2.406250,-2.613881,-2.383709,-2.581085,-0.022541,0.032796
24,0,-0.004282,-2.406250,-2.613881,-2.398788,-2.618163,-0.007461,-0.004282
24,1,-0.002151,-2.406250,-2.613881,-2.417559,-2.616032,0.011309,-0.002151
24,2,-0.002922,-2.406250,-2.613881,-2.402634,-2.616803,-0.003616,-0.002922
24,3,0.005908,-2.406250,-2.613881,-2.387984,-2.607973,-0.018266,0.005908
24,4,-0.008101,-2.406250,-2.613881,-2.415312,-2.621982,0.009062,-0.008101
24,5,-0.025777,-2.406250,-2.613881,-2.417298,-2.639658,0.011048,-0.025777
24,6,0.003036,-2.406250,-2.613881,-2.404155,-2.610845,-0.002095,0.003036
24,7,-0.015208,-2.406250,-2.613881,-2.341171,-2.629089,-0.065079,-0.015208
24,8,0.011541,-2.406250,-2.613881,-2.386503,-2.602340,-0.019747,0.011541
24,9,0.009143,-2.406250,-2.613881,-2.410028,-2.604738,0.003779,0.009143
24,10,-0.002119,-2.406250,-2.613881,-2.396420,-2.616000,-0.009829,-0.002119
24,11,-0.001383,-2.406250,-2.613881,-2.388604,-2.615264,-0.017645,-0.001383
24,12,-0.003038,-2.406250,-2.613881,-2.403472,-2.616919,-0.002778,-0.003038
24,13,0.008263,-2.406250,-2.613881,-2.377242,-2.605618,-0.029008,0.008263
24,14,-0.002930,-2.406250,-2.613881,-2.407667,-2.616811,0.001417,-0.002930
24,15,0.003652,-2.406250,-2.613881,-2.396811,-2.610229,-0.009438,0.003652
24,16,-0.007400,-2.406250,-2.613881,-2.411792,-2.621280,0.005542,-0.007400
24,17,0.090460,-2.406250,-2.613881,-2.348675,-2.523421,-0.057575,0.090460
24,18,0.012874,-2.406250,-2.613881,-2.401305,-2.601007,-0.004945,0.012874
24,19,-0.003759,-2.406250,-2.613881,-2.387239,-2.617640,-0.019011,-0.003759
25,0,0.003396,-2.406250,-2.613881,-2.388286,-2.610485,-0.017964,0.003396
25,1,-0.009293,-2.406250,-2.613881,-2.407714,-2.623174,0.001464,-0.009293
25,2,-0.018204,-2.406250,-2.613881,-2.436313,-2.632085,0.030063,-0.018204
25,3,0.029278,-2.406250,-2.613881,-2.203309,-2.584603,-0.202941,0.029278
25,4,0.032447,-2.406250,-2.613881,-2.534940,-2.581434,0.128690,0.032447
25,5,0.001805,-2.406250,-2.613881,-2.397314,-2.612076,-0.008935,0.001805
25,6,-0.245876,-2.406250,-2.613881,-2.761266,-2.859757,0.355016,-0.245876
25,7,-0.010324,-2.406250,-2.613881,-2.418313,-2.624204,0.012063,-0.010324
25,8,-0.005598,-2.406250,-2.613881,-2.417175,-2.619479,0.010926,-0.005598
25,9,-0.003876,-2.406250,-2.613881,-2.413191,-2.617757,0.006942,-0.003876
25,10,-0.036487,-2.406250,-2.613881,-2.396611,-2.650368,-0.009639,-0.036487
25,11,-0.012490,-2.406250,-2.613881,-2.418988,-2.626370,0.012738,-0.012490
25,12,0.031473,-2.406250,-2.613881,-2.433888,-2.582407,0.027638,0.031473
25,13,0.009121,-2.406250,-2.613881,-2.398811,-2.604760,-0.007438,0.009121
25,14,0.008747,-2.406250,-2.613881,-2.408839,-2.605134,0.002590,0.008747
25,15,-0.001468,-2.406250,-2.613881,-2.404524,-2.615349,-0.001726,-0.001468
25,16,-0.026114,-2.406250,-2.613881,-2.487066,-2.639995,0.080817,-0.026114
25,17,-0.042900,-2.406250,-2.613881,-2.390598,-2.656781,-0.015652,-0.042900
25,18,-0.006963,-2.406250,-2.613881,-2.393898,-2.620844,-0.012352,-0.006963
25,19,0.009237,-2.406250,-2.613881,-2.393929,-2.604644,-0.012321,0.009237
26,0,-0.000163,-2.406250,-2.613881,-2.413084,-2.614044,0.006834,-0.000163
26,1,-0.031259,-2.406250,-2.613881,-2.401847,-2.645140,-0.004403,-0.031259
26,2,0.009306,-2.406250,-2.613881,-2.425592,-2.604575,0.019342,0.009306
26,3,-0.005548,-2.406250,-2.613881,-2.398378,-2.619429,-0.007872,-0.005548
26,4,0.011792,-2.406250,-2.613881,-2.423142,-2.602088,0.016892,0.011792
26,5,0.004958,-2.406250,-2.613881,-2.406459,-2.608923,0.000209,0.004958
26,6,0.001028,-2.406250,-2.613881,-2.400900,-2.612853,-0.005349,0.001028
26,7,-0.002989,-2.406250,-2.613881,-2.382813,-2.616869,-0.023437,-0.002989
26,8,0.007319,-2.406250,-2.613881,-2.403212,-2.606562,-0.003038,0.007319
26,9,0.010306,-2.406250,-2.613881,-2.397361,-2.603575,-0.008889,0.010306
26,10,-0.011756,-2.406250,-2.613881,-2.424086,-2.625637,0.017836,-0.011756
26,11,0.000405,-2.406250,-2.613881,-2.401473,-2.613476,-0.004777,0.000405
26,12,0.044257,-2.406250,-2.613881,-2.407766,-2.569623,0.001516,0.044257
26,13,0.001510,-2.406250,-2.613881,-2.399959,-2.612370,-0.006291,0.001510
26,14,-0.151807,-2.406250,-2.613881,-2.659338,-2.765687,0.253089,-0.151807
26,15,-0.002546,-2.406250,-2.613881,-2.439231,-2.616427,0.032981,-0.002546
26,16,0.013099,-2.406250,-2.613881,-2.393289,-2.600782,-0.012961,0.013099
26,17,-0.000304,-2.406250,-2.613881,-2.394687,-2.614185,-0.011563,-0.000304
26,18,-0.012013,-2.406250,-2.613881,-2.397901,-2.625894,-0.008348,-0.012013
26,19,-0.069484,-2.406250,-2.613881,-2.414310,-2.683365,0.008060,-0.069484
27,0,-0.001324,-2.406250,-2.613881,-2.407050,-2.615205,0.000801,-0.001324
27,1,-0.005389,-2.406250,-2.613881,-2.407199,-2.619270,0.000950,-0.005389
27,2,-0.003117,-2.406250,-2.613881,-2.404520,-2.616998,-0.001730,-0.003117
27,3,-0.001143,-2.406250,-2.613881,-2.428520,-2.615023,0.022270,-0.001143
27,4,-0.009134,-2.406250,-2.613881,-2.525930,-2.623014,0.119681,-0.009134
27,5,0.005535,-2.406250,-2.613881,-2.404427,-2.608346,-0.001823,0.005535
27,6,0.000772,-2.406250,-2.613881,-2.402724,-2.613109,-0.003526,0.000772
27,7,-0.005951,-2.406250,-2.613881,-2.411106,-2.619832,0.004856,-0.005951
27,8,0.004398,-2.406250,-2.613881,-2.409659,-2.609483,0.003410,0.004398
27,9,-0.007182,-2.406250,-2.613881,-2.411974,-2.621063,0.005724,-0.007182
27,10,-0.007427,-2.406250,-2.613881,-2.428070,-2.621308,0.021820,-0.007427
27,11,-0.451416,-2.406250,-2.613881,-2.708283,-3.065297,0.302034,-0.451416
27,12,0.011457,-2.406250,-2.613881,-2.411694,-2.602423,0.005445,0.011457
27,13,-0.019977,-2.406250,-2.613881,-2.407483,-2.633858,0.001234,-0.019977
27,14,-0.016780,-2.406250,-2.613881,-2.418941,-2.630661,0.012691,-0.016780
27,15,-0.054696,-2.406250,-2.613881,-2.413325,-2.668577,0.007075,-0.054696
27,16,-0.003846,-2.406250,-2.613881,-2.418851,-2.617727,0.012602,-0.003846
27,17,0.005899,-2.406250,-2.613881,-2.369472,-2.607982,-0.036778,0.005899
27,18,-0.030698,-2.406250,-2.613881,-2.400061,-2.644579,-0.006189,-0.030698
27,19,0.001632,-2.406250,-2.613881,-2.407765,-2.612249,0.001515,0.001632
28,0,0.002671,-2.406250,-2.613881,-2.414012,-2.611209,0.007763,0.002671
28,1,0.000262,-2.406250,-2.613881,-2.410385,-2.613619,0.004135,0.000262
28,2,-0.005865,-2.406250,-2.613881,-2.411403,-2.619746,0.005154,-0.005865
28,3,-0.007030,-2.406250,-2.613881,-2.404817,-2.620911,-0.001433,-0.007030
28,4,0.002569,-2.406250,-2.613881,-2.399569,-2.611312,-0.006680,0.002569
28,5,-0.000702,-2.406250,-2.613881,-2.406708,-2.614583,0.000459,-0.000702
28,6,-0.004692,-2.406250,-2.613881,-2.411781,-2.618573,0.005531,-0.004692
28,7,-0.017312,-2.406250,-2.613881,-2.404483,-2.631193,-0.001767,-0.017312
28,8,-0.003535,-2.406250,-2.613881,-2.399987,-2.617415,-0.006263,-0.003535
28,9,-0.014242,-2.406250,-2.613881,-2.424985,-2.628123,0.018736,-0.014242
28,10,0.000374,-2.406250,-2.613881,-2.401272,-2.613507,-0.004977,0.000374
28,11,-0.001883,-2.406250,-2.613881,-2.406464,-2.615764,0.000214,-0.001883
28,12,0.002766,-2.406250,-2.613881,-2.404678,-2.611115,-0.001572,0.002766
28,13,-0.000055,-2.406250,-2.613881,-2.405643,-2.613936,-0.000607,-0.000055
28,14,-0.007484,-2.406250,-2.613881,-2.404227,-2.621365,-0.002023,-0.007484
28,15,-0.006789,-2.406250,-2.613881,-2.410855,-2.620670,0.004605,-0.006789
28,16,-0.308512,-2.406250,-2.613881,-2.752299,-2.922393,0.346049,-0.308512
28,17,0.010231,-2.406250,-2.613881,-2.417839,-2.603650,0.011589,0.010231
28,18,-0.001485,-2.406250,-2.613881,-2.407672,-2.615366,0.001422,-0.001485
28,19,0.019360,-2.406250,-2.613881,-2.357179,-2.594521,-0.049071,0.019360
29,0,0.036764,-2.406250,-2.613881,-2.436075,-2.577117,0.029825,0.036764
29,1,-0.000351,-2.406250,-2.613881,-2.407676,-2.614232,0.001426,-0.000351
29,2,0.006345,-2.406250,-2.613881,-2.406455,-2.607536,0.000205,0.006345
29,3,-0.000579,-2.406250,-2.613881,-2.407705,-2.614460,0.001456,-0.000579
29,4,0.000121,-2.406250,-2.613881,-2.405691,-2.613760,-0.000559,0.000121
29,5,-0.140810,-2.406250,-2.613881,-2.356440,-2.754691,-0.049810,-0.140810
29,6,0.003223,-2.406250,-2.613881,-2.407230,-2.610658,0.000980,0.003223
29,7,0.001936,-2.406250,-2.613881,-2.406848,-2.611945,0.000599,0.001936
29,8,0.011104,-2.406250,-2.613881,-2.421121,-2.602777,0.014871,0.011104
29,9,0.000805,-2.406250,-2.613881,-2.405478,-2.613076,-0.000772,0.000805
29,10,-0.026736,-2.406250,-2.613881,-2.450428,-2.640617,0.044178,-0.026736
29,11,0.000994,-2.406250,-2.613881,-2.406694,-2.612887,0.000444,0.000994
29,12,-0.000313,-2.406250,-2.613881,-2.409235,-2.614193,0.002985,-0.000313
29,13,-0.000718,-2.406250,-2.613881,-2.411371,-2.614599,0.005121,-0.000718
29,14,0.007144,-2.406250,-2.613881,-2.401831,-2.606737,-0.004418,0.007144
29,15,0.042361,-2.406250,-2.613881,-2.426596,-2.571520,0.020347,0.042361
29,16,0.003675,-2.406250,-2.613881,-2.401338,-2.610206,-0.004912,0.003675
29,17,0.000220,-2.406250,-2.613881,-2.407715,-2.613661,0.001465,0.000220
29,18,0.003412,-2.406250,-2.613881,-2.406083,-2.610469,-0.000167,0.003412
29,19,-0.001640,-2.406250,-2.613881,-2.402878,-2.615521,-0.003371,-0.001640
30,0,-0.000955,-2.406250,-2.613881,-2.407153,-2.614836,0.000903,-0.000955
30,1,-0.011399,-2.406250,-2.613881,-2.419184,-2.625279,0.012934,-0.011399
30,2,-0.000666,-2.406250,-2.613881,-2.408025,-2.614547,0.001775,-0.000666
30,3,0.005444,-2.406250,-2.613881,-2.406531,-2.608437,0.000281,0.005444
30,4,0.004696,-2.406250,-2.613881,-2.405374,-2.609185,-0.000876,0.004696
30,5,0.002325,-2.406250,-2.613881,-2.408040,-2.611556,0.001791,0.002325
30,6,0.005885,-2.406250,-2.613881,-2.444854,-2.607996,0.038604,0.005885
30,7,0.041411,-2.406250,-2.613881,-2.504292,-2.572470,0.098042,0.041411
30,8,-0.000498,-2.406250,-2.613881,-2.407840,-2.614378,0.001590,-0.000498
30,9,-0.009658,-2.406250,-2.613881,-2.397485,-2.623539,-0.008765,-0.009658
30,10,-0.005238,-2.406250,-2.613881,-2.406501,-2.619118,0.000251,-0.005238
30,11,-0.006772,-2.406250,-2.613881,-2.409867,-2.620653,0.003617,-0.006772
30,12,-0.241221,-2.406250,-2.613881,-2.460807,-2.855102,0.054558,-0.241221
30,13,0.034958,-2.406250,-2.613881,-2.419854,-2.578923,0.013604,0.034958
30,14,0.000741,-2.406250,-2.613881,-2.403794,-2.613139,-0.002456,0.000741
30,15,0.101798,-2.406250,-2.613881,-2.450617,-2.512083,0.044368,0.101798
30,16,0.001971,-2.406250,-2.613881,-2.406336,-2.611909,0.000087,0.001971
30,17,0.016550,-2.406250,-2.613881,-2.431003,-2.597331,0.024754,0.016550
30,18,-0.001886,-2.406250,-2.613881,-2.433070,-2.615767,0.026821,-0.001886
30,19,-0.001635,-2.406250,-2.613881,-2.415051,-2.615515,0.008801,-0.001635
31,0,-0.875299,-2.406250,-2.613881,-2.741154,-3.489180,0.334904,-0.875299
31,1,0.007166,-2.406250,-2.613881,-2.402445,-2.606715,-0.003804,0.007166
31,2,-0.005300,-2.406250,-2.613881,-2.406557,-2.619181,0.000308,-0.005300
31,3,0.001614,-2.406250,-2.613881,-2.405053,-2.612267,-0.001197,0.001614
31,4,0.000247,-2.406250,-2.613881,-2.404422,-2.613634,-0.001828,0.000247
31,5,0.003240,-2.406250,-2.613881,-2.405350,-2.610641,-0.000900,0.003240
31,6,0.012893,-2.406250,-2.613881,-2.414780,-2.600988,0.008530,0.012893
31,7,0.001427,-2.406250,-2.613881,-2.407260,-2.612454,0.001010,0.001427
31,8,0.004873,-2.406250,-2.613881,-2.397022,-2.609008,-0.009228,0.004873
31,9,0.003105,-2.406250,-2.613881,-2.408307,-2.610776,0.002057,0.003105
31,10,-0.228897,-2.406250,-2.613881,-2.430749,-2.842778,0.024499,-0.228897
31,11,0.001779,-2.406250,-2.613881,-2.407206,-2.612102,0.000956,0.001779
31,12,0.002538,-2.406250,-2.613881,-2.405201,-2.611343,-0.001048,0.002538
31,13,0.000564,-2.406250,-2.613881,-2.404284,-2.613317,-0.001966,0.000564
31,14,-0.000556,-2.406250,-2.613881,-2.400920,-2.614437,-0.005330,-0.000556
31,15,0.074790,-2.406250,-2.613881,-2.526837,-2.539091,0.120587,0.074790
31,16,0.002557,-2.406250,-2.613881,-2.404117,-2.611324,-0.002133,0.002557
31,17,0.009247,-2.406250,-2.613881,-2.388677,-2.604634,-0.017573,0.009247
31,18,-0.000580,-2.406250,-2.613881,-2.406191,-2.614460,-0.000058,-0.000580
31,19,0.005262,-2.406250,-2.613881,-2.404688,-2.608619,-0.001561,0.005262
32,0,0.024788,-2.406250,-2.613881,-2.446052,-2.589093,0.039802,0.024788
32,1,0.000747,-2.406250,-2.613881,-2.407390,-2.613134,0.001140,0.000747
32,2,0.003412,-2.406250,-2.613881,-2.428370,-2.610468,0.022120,0.003412
32,3,0.003586,-2.406250,-2.613881,-2.407263,-2.610295,0.001013,0.003586
32,4,-0.002261,-2.406250,-2.613881,-2.402176,-2.616142,-0.004074,-0.002261
32,5,0.002662,-2.406250,-2.613881,-2.402556,-2.611218,-0.003693,0.002662
32,6,-0.104998,-2.406250,-2.613881,-2.374070,-2.718879,-0.032180,-0.104998
32,7,-0.008611,-2.406250,-2.613881,-2.385240,-2.622492,-0.021010,-0.008611
32,8,0.002621,-2.406250,-2.613881,-2.408815,-2.611260,0.002565,0.002621
32,9,-0.003356,-2.406250,-2.613881,-2.417827,-2.617236,0.011577,-0.003356
32,10,0.001536,-2.406250,-2.613881,-2.407561,-2.612345,0.001312,0.001536
32,11,0.014755,-2.406250,-2.613881,-2.410830,-2.599126,0.004581,0.014755
32,12,0.001399,-2.406250,-2.613881,-2.403640,-2.612482,-0.002609,0.001399
32,13,-0.002447,-2.406250,-2.613881,-2.406990,-2.616328,0.000740,-0.002447
32,14,0.002210,-2.406250,-2.613881,-2.407830,-2.611671,0.001580,0.002210
32,15,0.001045,-2.406250,-2.613881,-2.407781,-2.612836,0.001531,0.001045
32,16,-0.034316,-2.406250,-2.613881,-2.446481,-2.648197,0.040231,-0.034316
32,17,0.034674,-2.406250,-2.613881,-2.558263,-2.579207,0.152013,0.034674
32,18,-0.000109,-2.406250,-2.613881,-2.405046,-2.613990,-0.001203,-0.000109
32,19,-0.000982,-2.406250,-2.613881,-2.406353,-2.614863,0.000104,-0.000982
33,0,0.001537,-2.406250,-2.613881,-2.401254,-2.612344,-0.004996,0.001537
33,1,0.001333,-2.406250,-2.613881,-2.405427,-2.612548,-0.000822,0.001333
33,2,-1.164758,-2.406250,-2.613881,-2.636297,-3.778639,0.230048,-1.164758
33,3,0.000353,-2.406250,-2.613881,-2.410878,-2.613528,0.004628,0.000353
33,4,-0.152804,-2.406250,-2.613881,-2.407884,-2.766685,0.001634,-0.152804
33,5,0.005355,-2.406250,-2.613881,-2.406297,-2.608526,0.000047,0.005355
33,6,0.002122,-2.406250,-2.613881,-2.405566,-2.611758,-0.000683,0.002122
33,7,-0.005717,-2.406250,-2.613881,-2.406552,-2.619598,0.000302,-0.005717
33,8,0.002195,-2.406250,-2.613881,-2.463094,-2.611686,0.056845,0.002195
33,9,0.002308,-2.406250,-2.613881,-2.413399,-2.611573,0.007149,0.002308
33,10,0.001369,-2.406250,-2.613881,-2.407940,-2.612511,0.001690,0.001369
33,11,0.002374,-2.406250,-2.613881,-2.415106,-2.611506,0.008856,0.002374
33,12,0.002310,-2.406250,-2.613881,-2.405946,-2.611571,-0.000304,0.002310
33,13,-0.024407,-2.406250,-2.613881,-2.523915,-2.638288,0.117665,-0.024407
33,14,0.001163,-2.406250,-2.613881,-2.408857,-2.612717,0.002607,0.001163
33,15,-0.000729,-2.406250,-2.613881,-2.407176,-2.614610,0.000927,-0.000729
33,16,0.002937,-2.406250,-2.613881,-2.408957,-2.610944,0.002707,0.002937
33,17,0.000910,-2.406250,-2.613881,-2.400985,-2.612971,-0.005265,0.000910
33,18,-0.001093,-2.406250,-2.613881,-2.404377,-2.614974,-0.001872,-0.001093
33,19,-0.002724,-2.406250,-2.613881,-2.406162,-2.616605,-0.000087,-0.002724
34,0,0.009245,-2.406250,-2.613881,-2.500813,-2.604635,0.094563,0.009245
34,1,0.008074,-2.406250,-2.613881,-2.413816,-2.605807,0.007567,0.008074
34,2,-0.001406,-2.406250,-2.613881,-2.406041,-2.615287,-0.000209,-0.001406
34,3,0.004080,-2.406250,-2.613881,-2.407672,-2.609801,0.001423,0.004080
34,4,0.004637,-2.406250,-2.613881,-2.413813,-2.609244,0.007563,0.004637
34,5,-0.005205,-2.406250,-2.613881,-2.401825,-2.619086,-0.004424,-0.005205
34,6,0.003452,-2.406250,-2.613881,-2.394277,-2.610429,-0.011972,0.003452
34,7,0.007414,-2.406250,-2.613881,-2.401272,-2.606467,-0.004977,0.007414
34,8,-0.088628,-2.406250,-2.613881,-2.604452,-2.702509,0.198203,-0.088628
34,9,-0.001947,-2.406250,-2.613881,-2.404860,-2.615828,-0.001390,-0.001947
34,10,-0.004110,-2.406250,-2.613881,-2.401221,-2.617991,-0.005029,-0.004110
34,11,0.005929,-2.406250,-2.613881,-2.421139,-2.607952,0.014889,0.005929
34,12,-0.003630,-2.406250,-2.613881,-2.403294,-2.617511,-0.002956,-0.003630
34,13,0.011489,-2.406250,-2.613881,-2.389758,-2.602392,-0.016492,0.011489
34,14,0.003495,-2.406250,-2.613881,-2.407737,-2.610386,0.001487,0.003495
34,15,-0.000602,-2.406250,-2.613881,-2.407366,-2.614483,0.001116,-0.000602
34,16,-0.012674,-2.406250,-2.613881,-2.412471,-2.626554,0.006221,-0.012674
34,17,0.000631,-2.406250,-2.613881,-2.403209,-2.613250,-0.003041,0.000631
34,18,0.015539,-2.406250,-2.613881,-2.391250,-2.598342,-0.015000,0.015539
34,19,0.005275,-2.406250,-2.613881,-2.404407,-2.608605,-0.001843,0.005275
35,0,0.002225,-2.406250,-2.613881,-2.408109,-2.611656,0.001860,0.002225
35,1,-0.004115,-2.406250,-2.613881,-2.407863,-2.617996,0.001613,-0.004115
35,2,-0.005260,-2.406250,-2.613881,-2.401815,-2.619141,-0.004435,-0.005260
35,3,0.006095,-2.406250,-2.613881,-2.412884,-2.607786,0.006635,0.006095
35,4,-0.007030,-2.406250,-2.613881,-2.406811,-2.620911,0.000561,-0.007030
35,5,-0.116528,-2.406250,-2.613881,-2.517445,-2.730408,0.111196,-0.116528
35,6,0.001608,-2.406250,-2.613881,-2.406810,-2.612273,0.000561,0.001608
35,7,0.000604,-2.406250,-2.613881,-2.397883,-2.613276,-0.008366,0.000604
35,8,0.000032,-2.406250,-2.613881,-2.401939,-2.613849,-0.004310,0.000032
35,9,0.001403,-2.406250,-2.613881,-2.406552,-2.612478,0.000303,0.001403
35,10,0.026903,-2.406250,-2.613881,-2.398319,-2.586978,-0.007930,0.026903
35,11,0.008574,-2.406250,-2.613881,-2.409232,-2.605307,0.002982,0.008574
35,12,0.002076,-2.406250,-2.613881,-2.405507,-2.611805,-0.000743,0.002076
35,13,-0.013062,-2.406250,-2.613881,-2.404203,-2.626943,-0.002046,-0.013062
35,14,-0.008209,-2.406250,-2.613881,-2.407718,-2.622089,0.001468,-0.008209
35,15,0.010845,-2.406250,-2.613881,-2.410043,-2.603035,0.003793,0.010845
35,16,0.020471,-2.406250,-2.613881,-2.412059,-2.593410,0.005810,0.020471
35,17,-0.013705,-2.406250,-2.613881,-2.398732,-2.627586,-0.007518,-0.013705
35,18,0.026773,-2.406250,-2.613881,-2.413714,-2.587108,0.007464,0.026773
35,19,-0.029578,-2.406250,-2.613881,-2.446157,-2.643459,0.039908,-0.029578
